id_video,video,clase,ambiguous_abajo,group_id,exclusion_reason
6,Fortnite 2025.12.11 - 21.23.44.11.Abajo.DVR.mp4,Eliminacion,True,6,abajo_ambiguo_o_duplicado_con_abajo
16,Fortnite 2025.12.20 - 19.05.37.06.Abajo.DVR.mp4,Eliminacion,True,16,abajo_ambiguo_o_duplicado_con_abajo
19,Fortnite 2025.12.20 - 19.16.15.09.Abajo.DVR.mp4,Eliminacion,True,19,abajo_ambiguo_o_duplicado_con_abajo
66,Fortnite 2025.12.28 - 14.15.26.43.Abajo.DVR.mp4,Eliminacion,True,66,abajo_ambiguo_o_duplicado_con_abajo
71,Fortnite 2025.12.28 - 14.22.10.48.Abajo.DVR.mp4,Eliminacion,True,71,abajo_ambiguo_o_duplicado_con_abajo
76,Fortnite 2026.01.11 - 18.35.49.22.Abajo.DVR.mp4,Eliminacion,True,76,abajo_ambiguo_o_duplicado_con_abajo
79,Fortnite 2026.01.11 - 18.38.34.25.Abajo.DVR.mp4,Eliminacion,True,79,abajo_ambiguo_o_duplicado_con_abajo
83,Fortnite 2026.01.11 - 18.42.47.29.Abajo.DVR.mp4,Eliminacion,True,83,abajo_ambiguo_o_duplicado_con_abajo
86,Fortnite 2026.01.11 - 18.45.43.32.Abajo.DVR.mp4,Eliminacion,True,86,abajo_ambiguo_o_duplicado_con_abajo
87,Fortnite 2026.01.11 - 18.45.50.33.Eliminación.DVR.mp4,Eliminacion,False,86,abajo_ambiguo_o_duplicado_con_abajo
200,Fortnite 2026.07.15 - 20.01.21.24.Abajo.DVR.mp4,Eliminacion,True,200,abajo_ambiguo_o_duplicado_con_abajo
209,Fortnite 2026.07.19 - 16.36.04.11.Abajo.DVR.mp4,Eliminacion,True,209,abajo_ambiguo_o_duplicado_con_abajo
212,Fortnite 2026.07.19 - 16.38.34.15.Abajo.DVR.mp4,Eliminacion,True,212,abajo_ambiguo_o_duplicado_con_abajo
214,Fortnite 2026.07.19 - 16.39.12.17.Abajo.DVR.mp4,Eliminacion,True,214,abajo_ambiguo_o_duplicado_con_abajo
216,Fortnite 2026.07.19 - 16.42.45.19.Abajo.DVR.mp4,Eliminacion,True,216,abajo_ambiguo_o_duplicado_con_abajo
218,Fortnite 2026.07.19 - 16.45.28.21.Abajo.DVR.mp4,Eliminacion,True,218,abajo_ambiguo_o_duplicado_con_abajo
220,Fortnite 2026.07.19 - 16.46.56.23.Abajo.DVR.mp4,Eliminacion,True,220,abajo_ambiguo_o_duplicado_con_abajo
228,Fortnite 2026.07.19 - 19.18.29.08.Abajo.DVR.mp4,Eliminacion,True,228,abajo_ambiguo_o_duplicado_con_abajo
230,Fortnite 2026.07.19 - 19.24.09.10.Abajo.DVR.mp4,Eliminacion,True,230,abajo_ambiguo_o_duplicado_con_abajo
233,Fortnite 2026.07.19 - 19.31.01.14.Abajo.DVR.mp4,Eliminacion,True,233,abajo_ambiguo_o_duplicado_con_abajo
234,Fortnite 2026.07.19 - 19.31.06.15.Eliminación.DVR.mp4,Eliminacion,False,233,abajo_ambiguo_o_duplicado_con_abajo
235,Fortnite 2026.07.19 - 19.34.57.16.Abajo.DVR.mp4,Eliminacion,True,235,abajo_ambiguo_o_duplicado_con_abajo
239,Fortnite 2026.07.19 - 19.37.03.20.Abajo.DVR.mp4,Eliminacion,True,239,abajo_ambiguo_o_duplicado_con_abajo
241,Fortnite 2026.07.19 - 19.37.55.22.Abajo.DVR.mp4,Eliminacion,True,241,abajo_ambiguo_o_duplicado_con_abajo
242,Fortnite 2026.07.19 - 19.37.56.23.Eliminado.DVR.mp4,Eliminado,False,241,abajo_ambiguo_o_duplicado_con_abajo
261,Fortnite 2026.07.22 - 19.46.12.17.Abajo.DVR.mp4,Eliminacion,True,261,abajo_ambiguo_o_duplicado_con_abajo
311,Fortnite 2026.08.06 - 17.00.57.23.Abajo.DVR.mp4,Eliminacion,True,311,abajo_ambiguo_o_duplicado_con_abajo
397,Fortnite 2026.08.08 - 20.38.27.02.Abajo.DVR.mp4,Eliminacion,True,397,abajo_ambiguo_o_duplicado_con_abajo
400,Fortnite 2026.08.08 - 20.42.13.06.Abajo.DVR.mp4,Eliminacion,True,400,abajo_ambiguo_o_duplicado_con_abajo
401,Fortnite 2026.08.08 - 20.42.19.07.Eliminación.DVR.mp4,Eliminacion,False,400,abajo_ambiguo_o_duplicado_con_abajo
