id_video,duracion_audio_seg,frecuencia_muestreo,estado_audio,clase,etiqueta
1,20.03,32000,Correcto,Eliminacion,1
2,15.17,32000,Correcto,Victoria,2
3,20.33,32000,Correcto,Eliminacion,1
4,20.37,32000,Correcto,Eliminacion,1
5,20.46,32000,Correcto,Eliminacion,1
6,20.16,32000,Correcto,Eliminacion,1
7,20.07,32000,Correcto,Eliminacion,1
8,20.29,32000,Correcto,Eliminacion,1
9,20.01,32000,Correcto,Eliminacion,1
10,20.39,32000,Correcto,Eliminacion,1
11,15.32,32000,Correcto,Victoria,2
12,20.31,32000,Correcto,Eliminacion,1
13,20.01,32000,Correcto,Eliminacion,1
14,20.22,32000,Correcto,Eliminacion,1
15,20.29,32000,Correcto,Eliminacion,1
16,20.07,32000,Correcto,Eliminacion,1
17,20.37,32000,Correcto,Eliminacion,1
18,20.05,32000,Correcto,Eliminacion,1
19,20.33,32000,Correcto,Eliminacion,1
20,20.37,32000,Correcto,Eliminacion,1
21,20.05,32000,Correcto,Eliminacion,1
22,20.2,32000,Correcto,Eliminacion,1
23,20.42,32000,Correcto,Eliminacion,1
24,22.06,32000,Correcto,Eliminacion,1
25,20.37,32000,Correcto,Eliminacion,1
26,20.42,32000,Correcto,Eliminacion,1
27,15.1,32000,Correcto,Victoria,2
28,20.27,32000,Correcto,Eliminacion,1
29,20.29,32000,Correcto,Eliminacion,1
30,20.22,32000,Correcto,Eliminacion,1
31,22.02,32000,Correcto,Eliminacion,1
32,20.35,32000,Correcto,Eliminacion,1
33,20.33,32000,Correcto,Eliminacion,1
34,19.99,32000,Correcto,Eliminacion,1
35,20.31,32000,Correcto,Eliminacion,1
36,20.05,32000,Correcto,Eliminacion,1
37,20.01,32000,Correcto,Eliminacion,1
38,20.39,32000,Correcto,Eliminacion,1
39,20.33,32000,Correcto,Eliminacion,1
40,20.01,32000,Correcto,Eliminacion,1
41,20.25,32000,Correcto,Eliminacion,1
42,20.27,32000,Correcto,Eliminacion,1
43,20.1,32000,Correcto,Eliminacion,1
44,20.2,32000,Correcto,Eliminacion,1
45,15.23,32000,Correcto,Victoria,2
46,20.05,32000,Correcto,Eliminacion,1
47,20.31,32000,Correcto,Eliminacion,1
48,20.14,32000,Correcto,Eliminacion,1
49,20.44,32000,Correcto,Eliminacion,1
50,20.03,32000,Correcto,Eliminacion,1
51,20.33,32000,Correcto,Eliminacion,1
52,20.1,32000,Correcto,Eliminacion,1
53,20.35,32000,Correcto,Eliminacion,1
54,20.35,32000,Correcto,Eliminacion,1
55,20.2,32000,Correcto,Eliminacion,1
56,20.25,32000,Correcto,Eliminacion,1
57,20.31,32000,Correcto,Eliminacion,1
58,20.12,32000,Correcto,Eliminacion,1
59,20.27,32000,Correcto,Eliminacion,1
60,15.42,32000,Correcto,Victoria,2
61,20.14,32000,Correcto,Eliminacion,1
62,24.17,32000,Correcto,Eliminacion,1
63,22.1,32000,Correcto,Eliminacion,1
64,20.39,32000,Correcto,Eliminacion,1
65,20.01,32000,Correcto,Eliminacion,1
66,20.33,32000,Correcto,Eliminacion,1
67,20.48,32000,Correcto,Eliminacion,1
68,22.44,32000,Correcto,Eliminacion,1
69,25.39,32000,Correcto,Eliminacion,1
70,20.29,32000,Correcto,Eliminacion,1
71,20.44,32000,Correcto,Eliminacion,1
72,20.01,32000,Correcto,Eliminacion,1
73,22.19,32000,Correcto,Eliminacion,1
74,22.14,32000,Correcto,Eliminacion,1
75,15.21,32000,Correcto,Eliminado,0
76,20.22,32000,Correcto,Eliminacion,1
77,20.1,32000,Correcto,Eliminacion,1
78,22.23,32000,Correcto,Eliminacion,1
79,23.04,32000,Correcto,Eliminacion,1
80,20.01,32000,Correcto,Eliminacion,1
81,20.03,32000,Correcto,Eliminacion,1
82,22.42,32000,Correcto,Eliminacion,1
83,20.42,32000,Correcto,Eliminacion,1
84,20.33,32000,Correcto,Eliminacion,1
85,20.16,32000,Correcto,Eliminacion,1
86,20.25,32000,Correcto,Eliminacion,1
87,20.27,32000,Correcto,Eliminacion,1
88,15.32,32000,Correcto,Victoria,2
89,20.33,32000,Correcto,Eliminacion,1
90,24.26,32000,Correcto,Eliminacion,1
91,19.99,32000,Correcto,Eliminacion,1
92,19.99,32000,Correcto,Eliminacion,1
93,20.27,32000,Correcto,Eliminacion,1
94,20.14,32000,Correcto,Eliminacion,1
95,20.42,32000,Correcto,Eliminacion,1
96,20.33,32000,Correcto,Eliminacion,1
97,20.33,32000,Correcto,Eliminacion,1
98,20.14,32000,Correcto,Eliminacion,1
99,20.05,32000,Correcto,Eliminacion,1
100,20.25,32000,Correcto,Eliminacion,1
101,20.18,32000,Correcto,Eliminacion,1
102,20.1,32000,Correcto,Eliminacion,1
103,19.99,32000,Correcto,Eliminacion,1
104,20.05,32000,Correcto,Eliminacion,1
105,20.39,32000,Correcto,Eliminacion,1
106,20.07,32000,Correcto,Eliminacion,1
107,20.12,32000,Correcto,Eliminacion,1
108,20.05,32000,Correcto,Eliminacion,1
109,20.12,32000,Correcto,Eliminacion,1
110,20.14,32000,Correcto,Eliminacion,1
111,19.99,32000,Correcto,Eliminacion,1
112,20.46,32000,Correcto,Eliminacion,1
113,15.17,32000,Correcto,Victoria,2
114,20.25,32000,Correcto,Eliminacion,1
115,23.17,32000,Correcto,Eliminacion,1
116,20.05,32000,Correcto,Eliminacion,1
117,20.33,32000,Correcto,Eliminacion,1
118,20.05,32000,Correcto,Eliminacion,1
119,20.2,32000,Correcto,Eliminacion,1
120,20.35,32000,Correcto,Eliminacion,1
121,20.37,32000,Correcto,Eliminacion,1
122,20.05,32000,Correcto,Eliminacion,1
123,20.39,32000,Correcto,Eliminacion,1
124,20.31,32000,Correcto,Eliminacion,1
125,20.33,32000,Correcto,Eliminacion,1
126,15.45,32000,Correcto,Eliminado,0
127,15.38,32000,Correcto,Victoria,2
128,20.07,32000,Correcto,Eliminacion,1
129,20.37,32000,Correcto,Eliminacion,1
130,20.27,32000,Correcto,Eliminacion,1
131,20.1,32000,Correcto,Eliminacion,1
132,23.27,32000,Correcto,Eliminacion,1
133,20.48,32000,Correcto,Eliminacion,1
134,20.01,32000,Correcto,Eliminacion,1
135,20.31,32000,Correcto,Eliminacion,1
136,20.42,32000,Correcto,Eliminacion,1
137,20.16,32000,Correcto,Eliminacion,1
138,20.1,32000,Correcto,Eliminacion,1
139,21.4,32000,Correcto,Eliminacion,1
140,20.2,32000,Correcto,Eliminacion,1
141,20.07,32000,Correcto,Eliminacion,1
142,15.06,32000,Correcto,Victoria,2
143,20.42,32000,Correcto,Eliminacion,1
144,20.31,32000,Correcto,Eliminacion,1
145,20.39,32000,Correcto,Eliminacion,1
146,20.07,32000,Correcto,Eliminacion,1
147,20.12,32000,Correcto,Eliminacion,1
148,20.46,32000,Correcto,Eliminacion,1
149,20.29,32000,Correcto,Eliminacion,1
150,15.17,32000,Correcto,Victoria,2
151,20.18,32000,Correcto,Eliminacion,1
152,20.35,32000,Correcto,Eliminacion,1
153,19.99,32000,Correcto,Eliminacion,1
154,20.31,32000,Correcto,Eliminacion,1
155,20.1,32000,Correcto,Eliminacion,1
156,20.14,32000,Correcto,Eliminacion,1
157,20.05,32000,Correcto,Eliminacion,1
158,20.16,32000,Correcto,Eliminacion,1
159,15.23,32000,Correcto,Victoria,2
160,20.14,32000,Correcto,Eliminacion,1
161,20.25,32000,Correcto,Eliminacion,1
162,20.16,32000,Correcto,Eliminacion,1
163,20.29,32000,Correcto,Eliminacion,1
164,20.22,32000,Correcto,Eliminacion,1
165,20.44,32000,Correcto,Eliminacion,1
166,15.17,32000,Correcto,Victoria,2
167,20.12,32000,Correcto,Eliminacion,1
168,14.23,32000,Correcto,Eliminado,0
169,20.2,32000,Correcto,Eliminacion,1
170,20.39,32000,Correcto,Eliminacion,1
171,20.16,32000,Correcto,Eliminacion,1
172,20.1,32000,Correcto,Eliminacion,1
173,15.17,32000,Correcto,Eliminado,0
174,20.39,32000,Correcto,Eliminacion,1
175,20.46,32000,Correcto,Eliminacion,1
176,20.01,32000,Correcto,Eliminacion,1
177,20.39,32000,Correcto,Eliminacion,1
178,20.07,32000,Correcto,Eliminacion,1
179,20.27,32000,Correcto,Eliminacion,1
180,14.21,32000,Correcto,Eliminado,0
181,20.39,32000,Correcto,Eliminacion,1
182,20.1,32000,Correcto,Eliminacion,1
183,22.12,32000,Correcto,Eliminacion,1
184,14.31,32000,Correcto,Eliminado,0
185,20.42,32000,Correcto,Eliminacion,1
186,20.35,32000,Correcto,Eliminacion,1
187,20.03,32000,Correcto,Eliminacion,1
188,20.03,32000,Correcto,Eliminacion,1
189,20.42,32000,Correcto,Eliminacion,1
190,20.07,32000,Correcto,Eliminacion,1
191,20.44,32000,Correcto,Eliminacion,1
192,20.39,32000,Correcto,Eliminacion,1
193,23.36,32000,Correcto,Eliminacion,1
194,20.05,32000,Correcto,Eliminacion,1
195,20.29,32000,Correcto,Eliminacion,1
196,23.02,32000,Correcto,Eliminacion,1
197,15.17,32000,Correcto,Eliminado,0
198,23.21,32000,Correcto,Eliminacion,1
199,25.19,32000,Correcto,Eliminacion,1
200,20.39,32000,Correcto,Eliminacion,1
201,20.01,32000,Correcto,Eliminacion,1
202,20.01,32000,Correcto,Eliminacion,1
203,20.07,32000,Correcto,Eliminacion,1
204,21.33,32000,Correcto,Eliminacion,1
205,22.34,32000,Correcto,Eliminacion,1
206,14.78,32000,Correcto,Eliminado,0
207,23.19,32000,Correcto,Eliminacion,1
208,14.98,32000,Correcto,Eliminado,0
209,20.42,32000,Correcto,Eliminacion,1
210,20.14,32000,Correcto,Eliminacion,1
211,14.44,32000,Correcto,Eliminado,0
212,20.37,32000,Correcto,Eliminacion,1
213,20.07,32000,Correcto,Eliminacion,1
214,20.35,32000,Correcto,Eliminacion,1
215,20.05,32000,Correcto,Eliminacion,1
216,20.2,32000,Correcto,Eliminacion,1
217,24.06,32000,Correcto,Eliminacion,1
218,20.35,32000,Correcto,Eliminacion,1
219,26.41,32000,Correcto,Eliminacion,1
220,20.35,32000,Correcto,Eliminacion,1
221,20.22,32000,Correcto,Eliminacion,1
222,23.45,32000,Correcto,Eliminacion,1
223,14.36,32000,Correcto,Eliminado,0
224,23.17,32000,Correcto,Eliminacion,1
225,15.19,32000,Correcto,Eliminado,0
226,15.47,32000,Correcto,Eliminado,0
227,23.15,32000,Correcto,Eliminacion,1
228,20.33,32000,Correcto,Eliminacion,1
229,20.2,32000,Correcto,Eliminacion,1
230,19.99,32000,Correcto,Eliminacion,1
231,20.44,32000,Correcto,Eliminacion,1
232,15.08,32000,Correcto,Eliminado,0
233,20.31,32000,Correcto,Eliminacion,1
234,20.03,32000,Correcto,Eliminacion,1
235,20.37,32000,Correcto,Eliminacion,1
236,27.09,32000,Correcto,Eliminacion,1
237,24.45,32000,Correcto,Eliminacion,1
238,20.1,32000,Correcto,Eliminacion,1
239,20.33,32000,Correcto,Eliminacion,1
240,20.16,32000,Correcto,Eliminacion,1
241,20.29,32000,Correcto,Eliminacion,1
242,15.32,32000,Correcto,Eliminado,0
243,25.11,32000,Correcto,Eliminacion,1
244,23.23,32000,Correcto,Eliminacion,1
245,22.02,32000,Correcto,Eliminacion,1
246,15.23,32000,Correcto,Eliminado,0
247,20.05,32000,Correcto,Eliminacion,1
248,20.16,32000,Correcto,Eliminacion,1
249,20.2,32000,Correcto,Eliminacion,1
250,20.46,32000,Correcto,Eliminacion,1
251,19.99,32000,Correcto,Eliminacion,1
252,20.46,32000,Correcto,Eliminacion,1
253,21.4,32000,Correcto,Eliminacion,1
254,24.21,32000,Correcto,Eliminacion,1
255,20.1,32000,Correcto,Eliminacion,1
256,20.31,32000,Correcto,Eliminacion,1
257,19.99,32000,Correcto,Eliminacion,1
258,20.16,32000,Correcto,Eliminacion,1
259,20.37,32000,Correcto,Eliminacion,1
260,20.2,32000,Correcto,Eliminacion,1
261,20.22,32000,Correcto,Eliminacion,1
262,20.44,32000,Correcto,Eliminacion,1
263,15.0,32000,Correcto,Victoria,2
264,20.18,32000,Correcto,Eliminacion,1
265,21.21,32000,Correcto,Eliminacion,1
266,20.05,32000,Correcto,Eliminacion,1
267,20.46,32000,Correcto,Eliminacion,1
268,20.2,32000,Correcto,Eliminacion,1
269,20.35,32000,Correcto,Eliminacion,1
270,20.05,32000,Correcto,Eliminacion,1
271,20.31,32000,Correcto,Eliminacion,1
272,15.17,32000,Correcto,Victoria,2
273,20.01,32000,Correcto,Eliminacion,1
274,20.37,32000,Correcto,Eliminacion,1
275,13.78,32000,Correcto,Eliminado,0
276,20.37,32000,Correcto,Eliminacion,1
277,22.98,32000,Correcto,Eliminacion,1
278,20.05,32000,Correcto,Eliminacion,1
279,20.48,32000,Correcto,Eliminacion,1
280,14.34,32000,Correcto,Eliminado,0
281,20.16,32000,Correcto,Eliminacion,1
282,20.37,32000,Correcto,Eliminacion,1
283,20.12,32000,Correcto,Eliminacion,1
284,19.97,32000,Correcto,Eliminacion,1
285,14.36,32000,Correcto,Eliminado,0
286,14.06,32000,Correcto,Eliminado,0
287,20.12,32000,Correcto,Eliminacion,1
288,20.01,32000,Correcto,Eliminacion,1
289,20.16,32000,Correcto,Eliminacion,1
290,20.14,32000,Correcto,Eliminacion,1
291,14.87,32000,Correcto,Eliminado,0
292,20.12,32000,Correcto,Eliminacion,1
293,20.03,32000,Correcto,Eliminacion,1
294,20.35,32000,Correcto,Eliminacion,1
295,23.17,32000,Correcto,Eliminacion,1
296,20.42,32000,Correcto,Eliminacion,1
297,20.44,32000,Correcto,Eliminado,0
298,20.25,32000,Correcto,Eliminacion,1
299,20.12,32000,Correcto,Eliminacion,1
300,20.12,32000,Correcto,Eliminacion,1
301,20.33,32000,Correcto,Eliminacion,1
302,14.49,32000,Correcto,Eliminado,0
303,20.1,32000,Correcto,Eliminacion,1
304,20.12,32000,Correcto,Eliminacion,1
305,21.27,32000,Correcto,Eliminacion,1
306,20.37,32000,Correcto,Eliminacion,1
307,20.44,32000,Correcto,Eliminacion,1
308,23.47,32000,Correcto,Eliminacion,1
309,20.25,32000,Correcto,Eliminacion,1
310,22.23,32000,Correcto,Eliminacion,1
311,20.1,32000,Correcto,Eliminacion,1
312,20.2,32000,Correcto,Eliminacion,1
313,15.47,32000,Correcto,Eliminado,0
314,20.14,32000,Correcto,Eliminacion,1
315,20.1,32000,Correcto,Eliminacion,1
316,20.37,32000,Correcto,Eliminacion,1
317,21.14,32000,Correcto,Eliminacion,1
318,20.29,32000,Correcto,Eliminacion,1
319,14.14,32000,Correcto,Eliminado,0
320,20.01,32000,Correcto,Eliminacion,1
321,15.27,32000,Correcto,Eliminado,0
322,20.35,32000,Correcto,Eliminacion,1
323,20.14,32000,Correcto,Eliminacion,1
324,20.1,32000,Correcto,Eliminacion,1
325,24.06,32000,Correcto,Eliminacion,1
326,20.44,32000,Correcto,Eliminacion,1
327,14.91,32000,Correcto,Eliminado,0
328,20.44,32000,Correcto,Eliminacion,1
329,20.22,32000,Correcto,Eliminacion,1
330,20.35,32000,Correcto,Eliminacion,1
331,14.91,32000,Correcto,Eliminado,0
332,15.04,32000,Correcto,Eliminado,0
333,20.07,32000,Correcto,Eliminacion,1
334,14.63,32000,Correcto,Eliminado,0
335,20.05,32000,Correcto,Eliminacion,1
336,20.07,32000,Correcto,Eliminacion,1
337,20.1,32000,Correcto,Eliminacion,1
338,14.72,32000,Correcto,Eliminado,0
339,20.2,32000,Correcto,Eliminacion,1
340,20.14,32000,Correcto,Eliminacion,1
341,20.03,32000,Correcto,Eliminacion,1
342,20.35,32000,Correcto,Eliminacion,1
343,20.39,32000,Correcto,Eliminacion,1
344,20.29,32000,Correcto,Eliminacion,1
345,14.98,32000,Correcto,Eliminado,0
346,20.01,32000,Correcto,Eliminacion,1
347,20.44,32000,Correcto,Eliminacion,1
348,20.18,32000,Correcto,Eliminacion,1
349,19.97,32000,Correcto,Eliminacion,1
350,20.22,32000,Correcto,Eliminacion,1
351,20.12,32000,Correcto,Eliminacion,1
352,20.46,32000,Correcto,Eliminacion,1
353,20.44,32000,Correcto,Eliminacion,1
354,14.72,32000,Correcto,Eliminado,0
355,22.12,32000,Correcto,Eliminacion,1
356,13.93,32000,Correcto,Eliminado,0
357,20.31,32000,Correcto,Eliminacion,1
358,20.27,32000,Correcto,Eliminacion,1
359,25.34,32000,Correcto,Eliminacion,1
360,20.14,32000,Correcto,Eliminacion,1
361,19.99,32000,Correcto,Eliminacion,1
362,20.31,32000,Correcto,Eliminacion,1
363,19.99,32000,Correcto,Eliminacion,1
364,21.99,32000,Correcto,Eliminacion,1
365,20.18,32000,Correcto,Eliminacion,1
366,14.98,32000,Correcto,Eliminado,0
367,20.2,32000,Correcto,Eliminacion,1
368,21.99,32000,Correcto,Eliminacion,1
369,20.07,32000,Correcto,Eliminacion,1
370,20.05,32000,Correcto,Eliminacion,1
371,20.35,32000,Correcto,Eliminacion,1
372,20.16,32000,Correcto,Eliminacion,1
373,23.0,32000,Correcto,Eliminacion,1
374,23.42,32000,Correcto,Eliminacion,1
375,20.25,32000,Correcto,Eliminacion,1
376,20.03,32000,Correcto,Eliminacion,1
377,15.27,32000,Correcto,Eliminado,0
378,20.22,32000,Correcto,Eliminacion,1
379,19.99,32000,Correcto,Eliminacion,1
380,21.38,32000,Correcto,Eliminacion,1
381,20.27,32000,Correcto,Eliminacion,1
382,20.03,32000,Correcto,Eliminacion,1
383,20.37,32000,Correcto,Eliminacion,1
384,20.16,32000,Correcto,Eliminacion,1
385,20.27,32000,Correcto,Eliminacion,1
386,14.1,32000,Correcto,Eliminado,0
387,14.61,32000,Correcto,Eliminado,0
388,14.4,32000,Correcto,Eliminado,0
389,21.99,32000,Correcto,Eliminacion,1
390,21.29,32000,Correcto,Eliminacion,1
391,23.3,32000,Correcto,Eliminacion,1
392,20.35,32000,Correcto,Eliminacion,1
393,20.37,32000,Correcto,Eliminacion,1
394,13.99,32000,Correcto,Eliminado,0
395,20.01,32000,Correcto,Eliminacion,1
396,14.4,32000,Correcto,Eliminado,0
397,20.44,32000,Correcto,Eliminacion,1
398,20.29,32000,Correcto,Eliminacion,1
399,29.27,32000,Correcto,Eliminacion,1
400,20.25,32000,Correcto,Eliminacion,1
401,20.35,32000,Correcto,Eliminacion,1
402,22.02,32000,Correcto,Eliminacion,1
403,23.13,32000,Correcto,Eliminacion,1
404,15.15,32000,Correcto,Eliminado,0
405,14.93,32000,Correcto,Eliminado,0
406,24.28,32000,Correcto,Eliminacion,1
407,26.39,32000,Correcto,Eliminacion,1
408,22.4,32000,Correcto,Eliminacion,1
409,24.17,32000,Correcto,Eliminacion,1
410,24.0,32000,Correcto,Eliminacion,1
411,20.18,32000,Correcto,Eliminacion,1
412,20.37,32000,Correcto,Eliminacion,1
413,14.34,32000,Correcto,Eliminado,0
414,20.35,32000,Correcto,Eliminacion,1
415,20.31,32000,Correcto,Eliminacion,1
416,21.1,32000,Correcto,Eliminacion,1
417,20.2,32000,Correcto,Eliminacion,1
418,24.21,32000,Correcto,Eliminacion,1
419,20.16,32000,Correcto,Eliminacion,1
420,20.22,32000,Correcto,Eliminacion,1
421,20.18,32000,Correcto,Eliminacion,1
422,20.35,32000,Correcto,Eliminacion,1
423,20.35,32000,Correcto,Eliminacion,1
424,14.06,32000,Correcto,Eliminado,0
425,14.29,32000,Correcto,Eliminado,0
426,15.08,32000,Correcto,Eliminado,0
427,20.2,32000,Correcto,Eliminacion,1
428,20.42,32000,Correcto,Eliminacion,1
429,20.16,32000,Correcto,Eliminacion,1
430,20.05,32000,Correcto,Eliminacion,1
431,20.03,32000,Correcto,Eliminacion,1
432,20.44,32000,Correcto,Eliminacion,1
433,20.1,32000,Correcto,Eliminacion,1
434,20.37,32000,Correcto,Eliminacion,1
435,20.12,32000,Correcto,Eliminacion,1
436,20.31,32000,Correcto,Eliminacion,1
437,20.1,32000,Correcto,Eliminacion,1
438,20.03,32000,Correcto,Eliminacion,1
439,20.03,32000,Correcto,Eliminacion,1
440,20.12,32000,Correcto,Eliminacion,1
441,20.14,32000,Correcto,Eliminacion,1
442,20.37,32000,Correcto,Eliminacion,1
443,20.01,32000,Correcto,Eliminacion,1
444,20.44,32000,Correcto,Eliminacion,1
445,15.34,32000,Correcto,Eliminado,0
446,20.42,32000,Correcto,Eliminacion,1
447,20.05,32000,Correcto,Eliminacion,1
448,15.0,32000,Correcto,Eliminado,0
449,20.42,32000,Correcto,Eliminacion,1
450,15.13,32000,Correcto,Eliminado,0
451,14.38,32000,Correcto,Eliminado,0
452,15.02,32000,Correcto,Eliminado,0
453,20.25,32000,Correcto,Eliminacion,1
454,20.27,32000,Correcto,Eliminacion,1
455,20.25,32000,Correcto,Eliminacion,1
456,15.3,32000,Correcto,Eliminado,0
457,15.42,32000,Correcto,Eliminado,0
458,19.99,32000,Correcto,Eliminacion,1
459,15.27,32000,Correcto,Eliminado,0
460,20.2,32000,Correcto,Eliminacion,1
461,20.35,32000,Correcto,Eliminacion,1
462,15.08,32000,Correcto,Eliminado,0
463,15.42,32000,Correcto,Eliminado,0
464,15.08,32000,Correcto,Eliminado,0
465,15.4,32000,Correcto,Eliminado,0
466,19.99,32000,Correcto,Eliminacion,1
467,22.06,32000,Correcto,Eliminacion,1
468,20.39,32000,Correcto,Eliminacion,1
469,20.31,32000,Correcto,Eliminacion,1
470,20.18,32000,Correcto,Eliminacion,1
471,20.37,32000,Correcto,Eliminacion,1
472,20.29,32000,Correcto,Eliminacion,1
473,20.27,32000,Correcto,Eliminacion,1
474,15.3,32000,Correcto,Eliminado,0
475,20.12,32000,Correcto,Eliminacion,1
476,20.44,32000,Correcto,Eliminacion,1
477,14.25,32000,Correcto,Eliminado,0
478,14.98,32000,Correcto,Eliminado,0
479,15.19,32000,Correcto,Eliminado,0
480,20.1,32000,Correcto,Eliminacion,1
481,20.37,32000,Correcto,Eliminacion,1
482,15.0,32000,Correcto,Eliminado,0
483,20.12,32000,Correcto,Eliminacion,1
484,20.29,32000,Correcto,Eliminacion,1
485,20.33,32000,Correcto,Eliminacion,1
486,15.34,32000,Correcto,Eliminado,0
487,14.74,32000,Correcto,Eliminado,0
488,20.01,32000,Correcto,Eliminacion,1
489,20.14,32000,Correcto,Eliminacion,1
490,20.29,32000,Correcto,Eliminacion,1
491,20.03,32000,Correcto,Eliminacion,1
492,24.43,32000,Correcto,Eliminacion,1
493,20.42,32000,Correcto,Eliminacion,1
494,20.07,32000,Correcto,Eliminacion,1
495,20.18,32000,Correcto,Eliminacion,1
496,20.01,32000,Correcto,Eliminacion,1
497,20.44,32000,Correcto,Eliminacion,1
498,15.21,32000,Correcto,Eliminado,0
499,20.1,32000,Correcto,Eliminacion,1
500,20.33,32000,Correcto,Eliminacion,1
501,20.35,32000,Correcto,Eliminacion,1
502,19.99,32000,Correcto,Eliminacion,1
503,20.07,32000,Correcto,Eliminacion,1
504,21.18,32000,Correcto,Eliminacion,1
505,20.39,32000,Correcto,Eliminacion,1
506,20.07,32000,Correcto,Eliminacion,1
507,20.01,32000,Correcto,Eliminacion,1
508,20.39,32000,Correcto,Eliminacion,1
509,15.21,32000,Correcto,Eliminado,0
510,15.45,32000,Correcto,Eliminado,0
511,15.36,32000,Correcto,Eliminado,0
512,20.25,32000,Correcto,Eliminacion,1
513,20.42,32000,Correcto,Eliminacion,1
514,15.21,32000,Correcto,Eliminado,0
515,20.48,32000,Correcto,Eliminacion,1
516,15.13,32000,Correcto,Eliminado,0
517,15.47,32000,Correcto,Eliminado,0
518,13.89,32000,Correcto,Eliminado,0
519,20.07,32000,Correcto,Eliminacion,1
520,20.35,32000,Correcto,Eliminacion,1
521,23.4,32000,Correcto,Eliminacion,1
522,20.33,32000,Correcto,Eliminacion,1
523,20.27,32000,Correcto,Eliminacion,1
524,20.35,32000,Correcto,Eliminacion,1
525,20.05,32000,Correcto,Eliminacion,1
526,20.07,32000,Correcto,Eliminacion,1
527,15.38,32000,Correcto,Victoria,2
528,20.2,32000,Correcto,Eliminacion,1
529,20.14,32000,Correcto,Eliminacion,1
530,20.22,32000,Correcto,Eliminacion,1
531,20.44,32000,Correcto,Eliminacion,1
532,20.27,32000,Correcto,Eliminacion,1
533,20.27,32000,Correcto,Eliminacion,1
534,19.99,32000,Correcto,Eliminacion,1
535,20.07,32000,Correcto,Eliminacion,1
536,22.34,32000,Correcto,Eliminacion,1
537,20.12,32000,Correcto,Eliminacion,1
538,19.99,32000,Correcto,Eliminacion,1
539,20.18,32000,Correcto,Eliminacion,1
540,20.35,32000,Correcto,Eliminacion,1
541,20.2,32000,Correcto,Eliminacion,1
542,15.38,32000,Correcto,Victoria,2
543,20.05,32000,Correcto,Eliminacion,1
544,20.27,32000,Correcto,Eliminacion,1
545,20.07,32000,Correcto,Eliminacion,1
546,15.21,32000,Correcto,Victoria,2
547,20.22,32000,Correcto,Eliminacion,1
548,20.37,32000,Correcto,Eliminacion,1
549,14.49,32000,Correcto,Eliminado,0
550,20.16,32000,Correcto,Eliminacion,1
551,20.18,32000,Correcto,Eliminacion,1
552,20.42,32000,Correcto,Eliminacion,1
553,15.15,32000,Correcto,Eliminado,0
554,20.31,32000,Correcto,Eliminacion,1
555,20.16,32000,Correcto,Eliminacion,1
556,20.46,32000,Correcto,Eliminacion,1
557,20.2,32000,Correcto,Eliminacion,1
558,20.46,32000,Correcto,Eliminacion,1
559,20.35,32000,Correcto,Eliminacion,1
560,20.03,32000,Correcto,Eliminacion,1
561,15.1,32000,Correcto,Victoria,2
562,15.1,32000,Correcto,Eliminado,0
563,15.13,32000,Correcto,Eliminado,0
564,20.27,32000,Correcto,Eliminacion,1
565,20.39,32000,Correcto,Eliminacion,1
566,20.12,32000,Correcto,Eliminacion,1
567,20.12,32000,Correcto,Eliminacion,1
568,14.98,32000,Correcto,Eliminado,0
569,20.29,32000,Correcto,Eliminacion,1
570,15.47,32000,Correcto,Eliminado,0
571,20.33,32000,Correcto,Eliminacion,1
572,20.01,32000,Correcto,Eliminacion,1
573,20.33,32000,Correcto,Eliminacion,1
574,20.31,32000,Correcto,Eliminacion,1
575,20.31,32000,Correcto,Eliminacion,1
576,20.46,32000,Correcto,Eliminacion,1
577,20.37,32000,Correcto,Eliminacion,1
578,20.27,32000,Correcto,Eliminacion,1
579,14.38,32000,Correcto,Eliminado,0
580,20.35,32000,Correcto,Eliminacion,1
581,20.14,32000,Correcto,Eliminacion,1
582,20.46,32000,Correcto,Eliminacion,1
583,14.44,32000,Correcto,Eliminado,0
584,20.46,32000,Correcto,Eliminacion,1
585,20.44,32000,Correcto,Eliminacion,1
586,20.35,32000,Correcto,Eliminacion,1
587,20.01,32000,Correcto,Eliminacion,1
588,20.22,32000,Correcto,Eliminacion,1
589,20.2,32000,Correcto,Eliminacion,1
590,20.46,32000,Correcto,Eliminacion,1
591,20.42,32000,Correcto,Eliminacion,1
592,20.33,32000,Correcto,Eliminacion,1
593,20.29,32000,Correcto,Eliminacion,1
594,20.35,32000,Correcto,Eliminacion,1
595,20.22,32000,Correcto,Eliminacion,1
596,20.33,32000,Correcto,Eliminacion,1
597,15.17,32000,Correcto,Victoria,2
598,15.21,32000,Correcto,Eliminado,0
599,20.1,32000,Correcto,Eliminacion,1
600,20.37,32000,Correcto,Eliminacion,1
601,20.14,32000,Correcto,Eliminacion,1
602,20.03,32000,Correcto,Eliminacion,1
603,20.03,32000,Correcto,Eliminacion,1
604,20.03,32000,Correcto,Eliminacion,1
605,15.13,32000,Correcto,Eliminado,0
606,20.31,32000,Correcto,Eliminacion,1
607,20.29,32000,Correcto,Eliminacion,1
608,20.29,32000,Correcto,Eliminacion,1
609,20.18,32000,Correcto,Eliminacion,1
610,15.32,32000,Correcto,Eliminado,0
611,20.22,32000,Correcto,Eliminacion,1
612,20.22,32000,Correcto,Eliminacion,1
613,19.99,32000,Correcto,Eliminacion,1
614,20.22,32000,Correcto,Eliminacion,1
615,20.35,32000,Correcto,Eliminacion,1
616,15.02,32000,Correcto,Eliminado,0
617,15.38,32000,Correcto,Eliminado,0
618,20.33,32000,Correcto,Eliminacion,1
619,20.1,32000,Correcto,Eliminacion,1
620,15.13,32000,Correcto,Eliminado,0
621,15.4,32000,Correcto,Eliminado,0
622,20.07,32000,Correcto,Eliminacion,1
623,15.4,32000,Correcto,Eliminado,0
624,20.18,32000,Correcto,Eliminacion,1
625,20.22,32000,Correcto,Eliminacion,1
626,20.03,32000,Correcto,Eliminacion,1
627,15.4,32000,Correcto,Eliminado,0
628,20.27,32000,Correcto,Eliminacion,1
629,15.4,32000,Correcto,Eliminado,0
630,20.14,32000,Correcto,Eliminacion,1
631,20.46,32000,Correcto,Eliminacion,1
632,15.0,32000,Correcto,Eliminado,0
633,24.43,32000,Correcto,Eliminacion,1
634,20.14,32000,Correcto,Eliminacion,1
635,15.3,32000,Correcto,Victoria,2
636,20.2,32000,Correcto,Eliminacion,1
637,20.01,32000,Correcto,Eliminacion,1
638,20.31,32000,Correcto,Eliminacion,1
639,23.1,32000,Correcto,Eliminacion,1
640,20.12,32000,Correcto,Eliminacion,1
641,20.14,32000,Correcto,Eliminacion,1
642,20.99,32000,Correcto,Eliminacion,1
643,20.37,32000,Correcto,Eliminacion,1
644,19.99,32000,Correcto,Eliminacion,1
645,19.99,32000,Correcto,Eliminacion,1
646,20.12,32000,Correcto,Eliminacion,1
647,20.12,32000,Correcto,Eliminacion,1
648,20.01,32000,Correcto,Eliminacion,1
649,20.18,32000,Correcto,Eliminacion,1
650,19.99,32000,Correcto,Eliminacion,1
651,15.27,32000,Correcto,Victoria,2
652,20.18,32000,Correcto,Eliminacion,1
653,20.37,32000,Correcto,Eliminacion,1
654,20.03,32000,Correcto,Eliminacion,1
655,20.39,32000,Correcto,Eliminacion,1
656,20.25,32000,Correcto,Eliminacion,1
657,24.09,32000,Correcto,Eliminacion,1
658,20.27,32000,Correcto,Eliminacion,1
659,23.19,32000,Correcto,Eliminacion,1
660,20.39,32000,Correcto,Eliminacion,1
661,20.18,32000,Correcto,Eliminacion,1
662,20.33,32000,Correcto,Eliminacion,1
663,20.1,32000,Correcto,Eliminacion,1
664,20.16,32000,Correcto,Eliminacion,1
665,14.98,32000,Correcto,Eliminado,0
666,20.42,32000,Correcto,Eliminacion,1
667,20.27,32000,Correcto,Eliminacion,1
668,20.2,32000,Correcto,Eliminacion,1
669,20.05,32000,Correcto,Eliminacion,1
670,20.27,32000,Correcto,Eliminacion,1
671,20.16,32000,Correcto,Eliminacion,1
672,20.22,32000,Correcto,Eliminacion,1
673,20.01,32000,Correcto,Eliminacion,1
674,20.33,32000,Correcto,Eliminacion,1
675,20.22,32000,Correcto,Eliminacion,1
676,20.31,32000,Correcto,Eliminacion,1
677,15.04,32000,Correcto,Eliminado,0
678,20.39,32000,Correcto,Eliminacion,1
679,20.29,32000,Correcto,Eliminacion,1
680,24.3,32000,Correcto,Eliminacion,1
681,20.16,32000,Correcto,Eliminacion,1
682,20.01,32000,Correcto,Eliminacion,1
683,20.37,32000,Correcto,Eliminacion,1
684,20.44,32000,Correcto,Eliminacion,1
685,20.12,32000,Correcto,Eliminacion,1
686,20.31,32000,Correcto,Eliminacion,1
687,20.37,32000,Correcto,Eliminacion,1
688,15.42,32000,Correcto,Eliminado,0
689,20.18,32000,Correcto,Eliminacion,1
690,15.3,32000,Correcto,Eliminado,0
691,20.07,32000,Correcto,Eliminacion,1
692,20.07,32000,Correcto,Eliminacion,1
693,15.36,32000,Correcto,Eliminado,0
694,20.33,32000,Correcto,Eliminacion,1
695,20.44,32000,Correcto,Eliminacion,1
696,20.14,32000,Correcto,Eliminacion,1
697,20.29,32000,Correcto,Eliminacion,1
698,15.08,32000,Correcto,Eliminado,0
699,20.14,32000,Correcto,Eliminacion,1
700,20.35,32000,Correcto,Eliminacion,1
701,20.29,32000,Correcto,Eliminacion,1
702,20.2,32000,Correcto,Eliminacion,1
703,20.33,32000,Correcto,Eliminacion,1
704,15.42,32000,Correcto,Eliminado,0
705,20.27,32000,Correcto,Eliminacion,1
706,20.22,32000,Correcto,Eliminacion,1
707,20.01,32000,Correcto,Eliminacion,1
708,20.35,32000,Correcto,Eliminacion,1
709,20.1,32000,Correcto,Eliminacion,1
710,20.03,32000,Correcto,Eliminacion,1
711,20.29,32000,Correcto,Eliminacion,1
712,15.38,32000,Correcto,Eliminado,0
713,20.18,32000,Correcto,Eliminacion,1
714,15.04,32000,Correcto,Eliminado,0
715,20.29,32000,Correcto,Eliminacion,1
716,24.19,32000,Correcto,Eliminacion,1
717,20.03,32000,Correcto,Eliminacion,1
718,20.39,32000,Correcto,Eliminacion,1
719,20.18,32000,Correcto,Eliminacion,1
720,20.14,32000,Correcto,Eliminacion,1
721,15.38,32000,Correcto,Eliminado,0
722,15.4,32000,Correcto,Eliminado,0
723,14.89,32000,Correcto,Eliminado,0
724,20.1,32000,Correcto,Eliminacion,1
725,20.48,32000,Correcto,Eliminacion,1
726,20.2,32000,Correcto,Eliminacion,1
727,24.0,32000,Correcto,Eliminacion,1
728,20.22,32000,Correcto,Eliminacion,1
729,20.35,32000,Correcto,Eliminacion,1
730,20.31,32000,Correcto,Eliminacion,1
731,20.37,32000,Correcto,Eliminacion,1
732,20.37,32000,Correcto,Eliminacion,1
733,15.38,32000,Correcto,Eliminado,0
734,20.35,32000,Correcto,Eliminacion,1
735,13.91,32000,Correcto,Eliminado,0
736,15.32,32000,Correcto,Eliminado,0
737,14.98,32000,Correcto,Eliminado,0
738,14.49,32000,Correcto,Eliminado,0
739,15.47,32000,Correcto,Eliminado,0
740,15.25,32000,Correcto,Eliminado,0
741,20.46,32000,Correcto,Eliminacion,1
742,14.19,32000,Correcto,Eliminado,0
743,20.29,32000,Correcto,Eliminacion,1
744,20.29,32000,Correcto,Eliminacion,1
745,20.27,32000,Correcto,Eliminacion,1
746,19.99,32000,Correcto,Eliminacion,1
747,20.27,32000,Correcto,Eliminacion,1
748,20.14,32000,Correcto,Eliminacion,1
749,20.01,32000,Correcto,Eliminacion,1
750,20.22,32000,Correcto,Eliminacion,1
751,14.4,32000,Correcto,Eliminado,0
