id_video,duration_sec,fps,width,height,video,clase,etiqueta
1,20.03,60.0,1360,768,Fortnite 2025.11.09 - 17.12.38.74.Victoria.DVR.mp4,Victoria,2.0
2,15.18,60.0,1360,768,Fortnite 2025.12.11 - 21.10.08.08.Eliminación.DVR.mp4,Eliminacion,1.0
3,20.35,60.0,1360,768,Fortnite 2025.12.11 - 21.10.17.09.Eliminación.DVR.mp4,Eliminacion,1.0
4,20.4,60.0,1360,768,Fortnite 2025.12.11 - 21.17.03.10.Eliminación.DVR.mp4,Eliminacion,1.0
5,20.47,60.0,1360,768,Fortnite 2025.12.11 - 21.23.44.11.Abajo.DVR.mp4,Eliminacion,1.0
6,20.18,60.0,1360,768,Fortnite 2025.12.11 - 21.23.52.12.Eliminación.DVR.mp4,Eliminacion,1.0
7,20.08,60.0,1360,768,Fortnite 2025.12.11 - 21.24.16.13.Eliminación.DVR.mp4,Eliminacion,1.0
8,20.28,60.0,1360,768,Fortnite 2025.12.11 - 21.25.03.14.Eliminación.DVR.mp4,Eliminacion,1.0
9,20.05,60.0,1360,768,Fortnite 2025.12.11 - 21.25.08.15.Eliminación.DVR.mp4,Eliminacion,1.0
10,20.42,60.0,1360,768,Fortnite 2025.12.11 - 21.26.17.16.Victoria.DVR.mp4,Victoria,2.0
11,15.33,60.0,1360,768,Fortnite 2025.12.20 - 18.56.36.02.Eliminación.DVR.mp4,Eliminacion,1.0
12,20.32,60.0,1360,768,Fortnite 2025.12.20 - 18.59.26.03.Eliminación.DVR.mp4,Eliminacion,1.0
13,20.02,60.0,1360,768,Fortnite 2025.12.20 - 18.59.45.04.Eliminación.DVR.mp4,Eliminacion,1.0
14,20.23,60.0,1360,768,Fortnite 2025.12.20 - 19.04.10.05.Eliminación.DVR.mp4,Eliminacion,1.0
15,20.32,60.0,1360,768,Fortnite 2025.12.20 - 19.05.37.06.Abajo.DVR.mp4,Eliminacion,1.0
16,20.08,60.0,1360,768,Fortnite 2025.12.20 - 19.05.44.07.Eliminación.DVR.mp4,Eliminacion,1.0
17,20.38,60.0,1360,768,Fortnite 2025.12.20 - 19.06.17.08.Eliminación.DVR.mp4,Eliminacion,1.0
18,20.08,60.0,1360,768,Fortnite 2025.12.20 - 19.16.15.09.Abajo.DVR.mp4,Eliminacion,1.0
19,20.35,60.0,1360,768,Fortnite 2025.12.20 - 19.16.22.10.Eliminación.DVR.mp4,Eliminacion,1.0
20,20.38,60.0,1360,768,Fortnite 2025.12.20 - 19.16.56.11.Eliminación.DVR.mp4,Eliminacion,1.0
21,20.07,60.0,1360,768,Fortnite 2025.12.20 - 19.22.24.13.Eliminación.DVR.mp4,Eliminacion,1.0
22,20.22,60.0,1360,768,Fortnite 2025.12.20 - 19.22.29.14.Eliminación.DVR.mp4,Eliminacion,1.0
23,20.43,60.0,1360,768,Fortnite 2025.12.20 - 19.22.54.15.Eliminación.DVR.mp4,Eliminacion,1.0
24,22.08,60.0,1360,768,Fortnite 2025.12.20 - 19.26.06.16.Eliminación.DVR.mp4,Eliminacion,1.0
25,20.4,60.0,1360,768,Fortnite 2025.12.20 - 19.38.48.17.Eliminación.DVR.mp4,Eliminacion,1.0
26,20.42,60.0,1360,768,Fortnite 2025.12.20 - 19.39.45.18.Victoria.DVR.mp4,Victoria,2.0
27,15.12,60.0,1360,768,Fortnite 2025.12.21 - 09.26.45.02.Eliminación.DVR.mp4,Eliminacion,1.0
28,20.27,60.0,1360,768,Fortnite 2025.12.21 - 09.28.11.03.Eliminación.DVR.mp4,Eliminacion,1.0
29,20.3,60.0,1360,768,Fortnite 2025.12.21 - 09.40.31.04.Eliminación.DVR.mp4,Eliminacion,1.0
30,20.25,60.0,1360,768,Fortnite 2025.12.21 - 09.42.29.05.Eliminación.DVR.mp4,Eliminacion,1.0
31,22.03,60.0,1360,768,Fortnite 2025.12.21 - 17.23.11.10.Eliminación.DVR.mp4,Eliminacion,1.0
32,20.37,60.0,1360,768,Fortnite 2025.12.21 - 17.23.33.11.Eliminación.DVR.mp4,Eliminacion,1.0
33,20.33,60.0,1360,768,Fortnite 2025.12.21 - 17.23.43.12.Eliminación.DVR.mp4,Eliminacion,1.0
34,20.0,60.0,1360,768,Fortnite 2025.12.21 - 17.25.37.13.Eliminación.DVR.mp4,Eliminacion,1.0
35,20.33,60.0,1360,768,Fortnite 2025.12.21 - 17.26.16.14.Eliminación.DVR.mp4,Eliminacion,1.0
36,20.05,60.0,1360,768,Fortnite 2025.12.21 - 17.26.34.15.Eliminación.DVR.mp4,Eliminacion,1.0
37,20.03,60.0,1360,768,Fortnite 2025.12.21 - 17.27.11.16.Eliminación.DVR.mp4,Eliminacion,1.0
38,20.4,60.0,1360,768,Fortnite 2025.12.21 - 17.27.29.17.Eliminación.DVR.mp4,Eliminacion,1.0
39,20.35,60.0,1360,768,Fortnite 2025.12.21 - 17.30.51.18.Eliminación.DVR.mp4,Eliminacion,1.0
40,20.03,60.0,1360,768,Fortnite 2025.12.21 - 17.31.27.19.Eliminación.DVR.mp4,Eliminacion,1.0
41,20.27,60.0,1360,768,Fortnite 2025.12.21 - 17.31.51.20.Eliminación.DVR.mp4,Eliminacion,1.0
42,20.27,60.0,1360,768,Fortnite 2025.12.21 - 17.32.55.21.Eliminación.DVR.mp4,Eliminacion,1.0
43,20.1,60.0,1360,768,Fortnite 2025.12.21 - 17.33.23.22.Eliminación.DVR.mp4,Eliminacion,1.0
44,20.22,60.0,1360,768,Fortnite 2025.12.21 - 17.34.21.23.Victoria.DVR.mp4,Victoria,2.0
45,15.25,60.0,1360,768,Fortnite 2025.12.23 - 16.36.53.02.Eliminación.DVR.mp4,Eliminacion,1.0
46,20.08,60.0,1360,768,Fortnite 2025.12.23 - 16.37.17.03.Eliminación.DVR.mp4,Eliminacion,1.0
47,20.32,60.0,1360,768,Fortnite 2025.12.23 - 16.38.16.04.Eliminación.DVR.mp4,Eliminacion,1.0
48,20.15,60.0,1360,768,Fortnite 2025.12.23 - 16.39.43.05.Eliminación.DVR.mp4,Eliminacion,1.0
49,20.45,60.0,1360,768,Fortnite 2025.12.23 - 16.39.51.06.Eliminación.DVR.mp4,Eliminacion,1.0
50,20.05,60.0,1360,768,Fortnite 2025.12.23 - 16.40.02.07.Eliminación.DVR.mp4,Eliminacion,1.0
51,20.35,60.0,1360,768,Fortnite 2025.12.23 - 16.40.39.08.Eliminación.DVR.mp4,Eliminacion,1.0
52,20.12,60.0,1360,768,Fortnite 2025.12.23 - 16.40.47.09.Eliminación.DVR.mp4,Eliminacion,1.0
53,20.37,60.0,1360,768,Fortnite 2025.12.23 - 16.41.32.10.Eliminación.DVR.mp4,Eliminacion,1.0
54,20.37,60.0,1360,768,Fortnite 2025.12.23 - 16.42.00.11.Eliminación.DVR.mp4,Eliminacion,1.0
55,20.22,60.0,1360,768,Fortnite 2025.12.23 - 16.42.06.12.Eliminación.DVR.mp4,Eliminacion,1.0
56,20.27,60.0,1360,768,Fortnite 2025.12.23 - 16.42.16.13.Eliminación.DVR.mp4,Eliminacion,1.0
57,20.33,60.0,1360,768,Fortnite 2025.12.23 - 16.43.23.14.Eliminación.DVR.mp4,Eliminacion,1.0
58,20.13,60.0,1360,768,Fortnite 2025.12.23 - 16.45.19.15.Eliminación.DVR.mp4,Eliminacion,1.0
59,20.28,60.0,1360,768,Fortnite 2025.12.23 - 16.48.06.16.Victoria.DVR.mp4,Victoria,2.0
60,15.43,60.0,1360,768,Fortnite 2025.12.28 - 14.11.19.38.Eliminación.DVR.mp4,Eliminacion,1.0
61,20.17,60.0,1360,768,Fortnite 2025.12.28 - 14.13.30.39.Eliminación.DVR.mp4,Eliminacion,1.0
62,24.18,60.0,1360,768,Fortnite 2025.12.28 - 14.13.40.40.Eliminación.DVR.mp4,Eliminacion,1.0
63,22.1,60.0,1360,768,Fortnite 2025.12.28 - 14.13.52.41.Eliminación.DVR.mp4,Eliminacion,1.0
64,20.4,60.0,1360,768,Fortnite 2025.12.28 - 14.14.20.42.Eliminación.DVR.mp4,Eliminacion,1.0
65,20.03,60.0,1360,768,Fortnite 2025.12.28 - 14.15.26.43.Abajo.DVR.mp4,Eliminacion,1.0
66,20.35,60.0,1360,768,Fortnite 2025.12.28 - 14.15.33.44.Eliminación.DVR.mp4,Eliminacion,1.0
67,20.48,60.0,1360,768,Fortnite 2025.12.28 - 14.16.29.45.Eliminación.DVR.mp4,Eliminacion,1.0
68,22.47,60.0,1360,768,Fortnite 2025.12.28 - 14.20.07.46.Eliminación doble.DVR.mp4,Eliminacion,1.0
69,25.4,60.0,1360,768,Fortnite 2025.12.28 - 14.20.18.47.Eliminación.DVR.mp4,Eliminacion,1.0
70,20.3,60.0,1360,768,Fortnite 2025.12.28 - 14.22.10.48.Abajo.DVR.mp4,Eliminacion,1.0
71,20.45,60.0,1360,768,Fortnite 2025.12.28 - 14.22.46.49.Eliminación.DVR.mp4,Eliminacion,1.0
72,20.02,60.0,1360,768,Fortnite 2025.12.28 - 14.24.10.50.Eliminación.DVR.mp4,Eliminacion,1.0
73,22.2,60.0,1360,768,Fortnite 2025.12.28 - 14.24.25.51.Eliminación.DVR.mp4,Eliminacion,1.0
74,22.17,60.0,1360,768,Fortnite 2025.12.28 - 14.24.46.52.Eliminado.DVR.mp4,Eliminado,0.0
75,15.22,60.0,1360,768,Fortnite 2026.01.11 - 18.35.49.22.Abajo.DVR.mp4,Eliminacion,1.0
76,20.23,60.0,1360,768,Fortnite 2026.01.11 - 18.36.02.23.Eliminación.DVR.mp4,Eliminacion,1.0
77,20.12,60.0,1360,768,Fortnite 2026.01.11 - 18.36.55.24.Eliminación.DVR.mp4,Eliminacion,1.0
78,22.27,60.0,1360,768,Fortnite 2026.01.11 - 18.38.34.25.Abajo.DVR.mp4,Eliminacion,1.0
79,23.05,60.0,1360,768,Fortnite 2026.01.11 - 18.38.45.26.Eliminación doble.DVR.mp4,Eliminacion,1.0
80,20.05,60.0,1360,768,Fortnite 2026.01.11 - 18.39.12.27.Eliminación.DVR.mp4,Eliminacion,1.0
81,20.05,60.0,1360,768,Fortnite 2026.01.11 - 18.40.19.28.Eliminación.DVR.mp4,Eliminacion,1.0
82,22.42,60.0,1360,768,Fortnite 2026.01.11 - 18.42.47.29.Abajo.DVR.mp4,Eliminacion,1.0
83,20.43,60.0,1360,768,Fortnite 2026.01.11 - 18.42.56.30.Eliminación.DVR.mp4,Eliminacion,1.0
84,20.35,60.0,1360,768,Fortnite 2026.01.11 - 18.43.05.31.Eliminación.DVR.mp4,Eliminacion,1.0
85,20.18,60.0,1360,768,Fortnite 2026.01.11 - 18.45.43.32.Abajo.DVR.mp4,Eliminacion,1.0
86,20.27,60.0,1360,768,Fortnite 2026.01.11 - 18.45.50.33.Eliminación.DVR.mp4,Eliminacion,1.0
87,20.28,60.0,1360,768,Fortnite 2026.01.11 - 18.46.19.34.Victoria.DVR.mp4,Victoria,2.0
88,15.33,60.0,1360,768,Fortnite 2026.03.07 - 19.23.56.03.Eliminación.DVR.mp4,Eliminacion,1.0
89,20.35,60.0,1360,768,Fortnite 2026.03.07 - 19.25.08.04.Eliminación doble.DVR.mp4,Eliminacion,1.0
90,24.27,60.0,1360,768,Fortnite 2026.03.07 - 19.25.24.05.Eliminación.DVR.mp4,Eliminacion,1.0
91,20.0,60.0,1360,768,Fortnite 2026.03.07 - 19.25.41.06.Eliminación.DVR.mp4,Eliminacion,1.0
92,20.0,60.0,1360,768,Fortnite 2026.03.07 - 19.25.59.07.Eliminación.DVR.mp4,Eliminacion,1.0
93,20.28,60.0,1360,768,Fortnite 2026.03.07 - 19.26.08.08.Eliminación.DVR.mp4,Eliminacion,1.0
94,20.17,60.0,1360,768,Fortnite 2026.03.07 - 19.27.21.09.Eliminación.DVR.mp4,Eliminacion,1.0
95,20.43,60.0,1360,768,Fortnite 2026.03.07 - 19.27.30.10.Eliminación.DVR.mp4,Eliminacion,1.0
96,20.35,60.0,1360,768,Fortnite 2026.03.07 - 19.27.36.11.Eliminación.DVR.mp4,Eliminacion,1.0
97,20.33,60.0,1360,768,Fortnite 2026.03.07 - 19.28.01.12.Eliminación.DVR.mp4,Eliminacion,1.0
98,20.15,60.0,1360,768,Fortnite 2026.03.07 - 19.28.20.13.Eliminación.DVR.mp4,Eliminacion,1.0
99,20.07,60.0,1360,768,Fortnite 2026.03.07 - 19.29.03.14.Eliminación.DVR.mp4,Eliminacion,1.0
100,20.27,60.0,1360,768,Fortnite 2026.03.07 - 19.29.29.15.Eliminación.DVR.mp4,Eliminacion,1.0
101,20.18,60.0,1360,768,Fortnite 2026.03.07 - 19.32.18.16.Eliminación.DVR.mp4,Eliminacion,1.0
102,20.12,60.0,1360,768,Fortnite 2026.03.07 - 19.34.16.17.Eliminación.DVR.mp4,Eliminacion,1.0
103,20.0,60.0,1360,768,Fortnite 2026.03.19 - 20.46.11.04.Eliminación.DVR.mp4,Eliminacion,1.0
104,20.07,60.0,1360,768,Fortnite 2026.03.19 - 20.47.48.05.Eliminación.DVR.mp4,Eliminacion,1.0
105,20.4,60.0,1360,768,Fortnite 2026.03.19 - 20.48.58.06.Eliminación.DVR.mp4,Eliminacion,1.0
106,20.08,60.0,1360,768,Fortnite 2026.03.19 - 20.49.07.07.Eliminación.DVR.mp4,Eliminacion,1.0
107,20.13,60.0,1360,768,Fortnite 2026.03.19 - 20.49.37.08.Eliminación.DVR.mp4,Eliminacion,1.0
108,20.05,60.0,1360,768,Fortnite 2026.03.19 - 20.51.13.09.Eliminación.DVR.mp4,Eliminacion,1.0
109,20.13,60.0,1360,768,Fortnite 2026.03.19 - 20.54.18.10.Eliminación.DVR.mp4,Eliminacion,1.0
110,20.17,60.0,1360,768,Fortnite 2026.03.19 - 20.54.51.11.Eliminación.DVR.mp4,Eliminacion,1.0
111,20.0,60.0,1360,768,Fortnite 2026.03.19 - 20.56.00.12.Eliminación.DVR.mp4,Eliminacion,1.0
112,20.47,60.0,1360,768,Fortnite 2026.03.19 - 20.56.44.13.Victoria.DVR.mp4,Victoria,2.0
113,15.18,60.0,1360,768,Fortnite 2026.03.20 - 17.36.37.02.Eliminación.DVR.mp4,Eliminacion,1.0
114,20.25,60.0,1360,768,Fortnite 2026.03.20 - 17.37.51.03.Eliminación doble.DVR.mp4,Eliminacion,1.0
115,23.18,60.0,1360,768,Fortnite 2026.03.20 - 17.38.30.04.Eliminación.DVR.mp4,Eliminacion,1.0
116,20.07,60.0,1360,768,Fortnite 2026.03.20 - 17.39.10.05.Eliminación.DVR.mp4,Eliminacion,1.0
117,20.33,60.0,1360,768,Fortnite 2026.03.20 - 17.39.30.06.Eliminación.DVR.mp4,Eliminacion,1.0
118,20.08,60.0,1360,768,Fortnite 2026.03.20 - 17.39.39.07.Eliminación.DVR.mp4,Eliminacion,1.0
119,20.22,60.0,1360,768,Fortnite 2026.03.20 - 17.39.51.08.Eliminación.DVR.mp4,Eliminacion,1.0
120,20.38,60.0,1360,768,Fortnite 2026.03.20 - 17.40.12.09.Eliminación.DVR.mp4,Eliminacion,1.0
121,20.4,60.0,1360,768,Fortnite 2026.03.20 - 17.41.18.10.Eliminación.DVR.mp4,Eliminacion,1.0
122,20.07,60.0,1360,768,Fortnite 2026.03.20 - 17.42.36.11.Eliminación.DVR.mp4,Eliminacion,1.0
123,20.42,60.0,1360,768,Fortnite 2026.03.20 - 17.45.00.12.Eliminación.DVR.mp4,Eliminacion,1.0
124,20.33,60.0,1360,768,Fortnite 2026.03.20 - 17.45.43.13.Eliminación.DVR.mp4,Eliminacion,1.0
125,20.33,60.0,1360,768,Fortnite 2026.03.20 - 17.45.49.14.Eliminado.DVR.mp4,Eliminado,0.0
126,15.47,60.0,1360,768,Fortnite 2026.03.20 - 17.47.49.15.Victoria.DVR.mp4,Victoria,2.0
127,15.4,60.0,1360,768,Fortnite 2026.03.21 - 19.02.14.02.Eliminación.DVR.mp4,Eliminacion,1.0
128,20.07,60.0,1360,768,Fortnite 2026.03.21 - 19.02.21.03.Eliminación.DVR.mp4,Eliminacion,1.0
129,20.4,60.0,1360,768,Fortnite 2026.03.21 - 19.02.27.04.Eliminación.DVR.mp4,Eliminacion,1.0
130,20.28,60.0,1360,768,Fortnite 2026.03.21 - 19.04.13.05.Eliminación.DVR.mp4,Eliminacion,1.0
131,20.1,60.0,1360,768,Fortnite 2026.03.21 - 19.05.23.06.Eliminación doble.DVR.mp4,Eliminacion,1.0
132,23.28,60.0,1360,768,Fortnite 2026.03.21 - 19.06.05.07.Eliminación.DVR.mp4,Eliminacion,1.0
133,20.48,60.0,1360,768,Fortnite 2026.03.21 - 19.06.19.08.Eliminación.DVR.mp4,Eliminacion,1.0
134,20.05,60.0,1360,768,Fortnite 2026.03.21 - 19.06.30.09.Eliminación.DVR.mp4,Eliminacion,1.0
135,20.33,60.0,1360,768,Fortnite 2026.03.21 - 19.07.40.10.Eliminación.DVR.mp4,Eliminacion,1.0
136,20.43,60.0,1360,768,Fortnite 2026.03.21 - 19.08.30.11.Eliminación.DVR.mp4,Eliminacion,1.0
137,20.17,60.0,1360,768,Fortnite 2026.03.21 - 19.10.13.12.Eliminación.DVR.mp4,Eliminacion,1.0
138,20.1,60.0,1360,768,Fortnite 2026.03.21 - 19.11.02.13.Eliminación doble.DVR.mp4,Eliminacion,1.0
139,21.42,60.0,1360,768,Fortnite 2026.03.21 - 19.11.14.14.Eliminación.DVR.mp4,Eliminacion,1.0
140,20.23,60.0,1360,768,Fortnite 2026.03.21 - 19.12.47.15.Eliminación.DVR.mp4,Eliminacion,1.0
141,20.1,60.0,1360,768,Fortnite 2026.03.21 - 19.13.01.16.Victoria.DVR.mp4,Victoria,2.0
142,15.08,60.0,1360,768,Fortnite 2026.04.30 - 18.48.03.02.Eliminación.DVR.mp4,Eliminacion,1.0
143,20.42,60.0,1360,768,Fortnite 2026.04.30 - 18.48.13.03.Eliminación.DVR.mp4,Eliminacion,1.0
144,20.33,60.0,1360,768,Fortnite 2026.04.30 - 18.48.25.04.Eliminación.DVR.mp4,Eliminacion,1.0
145,20.42,60.0,1360,768,Fortnite 2026.04.30 - 18.50.32.05.Eliminación.DVR.mp4,Eliminacion,1.0
146,20.08,60.0,1360,768,Fortnite 2026.04.30 - 18.52.22.06.Eliminación.DVR.mp4,Eliminacion,1.0
147,20.15,60.0,1360,768,Fortnite 2026.04.30 - 18.52.45.07.Eliminación.DVR.mp4,Eliminacion,1.0
148,20.47,60.0,1360,768,Fortnite 2026.04.30 - 18.55.38.08.Eliminación.DVR.mp4,Eliminacion,1.0
149,20.3,60.0,1360,768,Fortnite 2026.04.30 - 18.58.09.09.Victoria.DVR.mp4,Victoria,2.0
150,15.17,60.0,1360,768,Fortnite 2026.05.23 - 22.52.44.02.Eliminación.DVR.mp4,Eliminacion,1.0
151,20.2,60.0,1360,768,Fortnite 2026.05.23 - 22.53.09.03.Eliminación.DVR.mp4,Eliminacion,1.0
152,20.38,60.0,1360,768,Fortnite 2026.05.23 - 22.53.15.04.Eliminación.DVR.mp4,Eliminacion,1.0
153,19.98,60.0,1360,768,Fortnite 2026.05.23 - 22.58.03.05.Eliminación.DVR.mp4,Eliminacion,1.0
154,20.33,60.0,1360,768,Fortnite 2026.05.23 - 22.58.24.06.Eliminación.DVR.mp4,Eliminacion,1.0
155,20.13,60.0,1360,768,Fortnite 2026.05.23 - 22.58.58.07.Eliminación.DVR.mp4,Eliminacion,1.0
156,20.17,60.0,1360,768,Fortnite 2026.05.23 - 23.00.10.08.Eliminación.DVR.mp4,Eliminacion,1.0
157,20.05,60.0,1360,768,Fortnite 2026.05.23 - 23.09.29.09.Eliminación.DVR.mp4,Eliminacion,1.0
158,20.17,60.0,1360,768,Fortnite 2026.05.23 - 23.09.54.10.Victoria.DVR.mp4,Victoria,2.0
159,15.27,60.0,1360,768,Fortnite 2026.05.25 - 17.05.15.13.Eliminación.DVR.mp4,Eliminacion,1.0
160,20.15,60.0,1360,768,Fortnite 2026.05.25 - 17.07.22.14.Eliminación.DVR.mp4,Eliminacion,1.0
161,20.27,60.0,1360,768,Fortnite 2026.05.25 - 17.09.48.15.Eliminación.DVR.mp4,Eliminacion,1.0
162,20.17,60.0,1360,768,Fortnite 2026.05.25 - 17.10.47.16.Eliminación.DVR.mp4,Eliminacion,1.0
163,20.3,60.0,1360,768,Fortnite 2026.05.25 - 17.11.21.17.Eliminación.DVR.mp4,Eliminacion,1.0
164,20.23,60.0,1360,768,Fortnite 2026.05.25 - 17.12.15.18.Eliminación.DVR.mp4,Eliminacion,1.0
165,20.45,60.0,1360,768,Fortnite 2026.05.25 - 17.23.56.19.Victoria.DVR.mp4,Victoria,2.0
166,15.2,60.0,1360,768,Fortnite 2026.07.12 - 17.21.42.02.Eliminación.DVR.mp4,Eliminacion,1.0
167,20.13,60.0,1360,768,Fortnite 2026.07.12 - 17.22.02.03.Eliminado.DVR.mp4,Eliminado,0.0
168,14.32,60.0,1360,768,Fortnite 2026.07.12 - 17.27.49.05.Eliminación.DVR.mp4,Eliminacion,1.0
169,20.23,60.0,1360,768,Fortnite 2026.07.12 - 17.29.04.06.Eliminación.DVR.mp4,Eliminacion,1.0
170,20.4,60.0,1360,768,Fortnite 2026.07.12 - 17.29.39.07.Eliminación.DVR.mp4,Eliminacion,1.0
171,20.18,60.0,1360,768,Fortnite 2026.07.12 - 17.34.25.08.Eliminación.DVR.mp4,Eliminacion,1.0
172,20.12,60.0,1360,768,Fortnite 2026.07.12 - 17.41.22.09.Eliminado.DVR.mp4,Eliminado,0.0
173,15.2,60.0,1360,768,Fortnite 2026.07.12 - 17.46.23.11.Eliminación.DVR.mp4,Eliminacion,1.0
174,20.4,60.0,1360,768,Fortnite 2026.07.12 - 17.46.51.12.Eliminación.DVR.mp4,Eliminacion,1.0
175,20.47,60.0,1360,768,Fortnite 2026.07.12 - 17.48.39.13.Eliminación.DVR.mp4,Eliminacion,1.0
176,20.03,60.0,1360,768,Fortnite 2026.07.12 - 17.52.42.14.Eliminación.DVR.mp4,Eliminacion,1.0
177,20.4,60.0,1360,768,Fortnite 2026.07.12 - 17.53.52.15.Eliminación.DVR.mp4,Eliminacion,1.0
178,20.1,60.0,1360,768,Fortnite 2026.07.12 - 17.54.22.16.Eliminación.DVR.mp4,Eliminacion,1.0
179,20.28,60.0,1360,768,Fortnite 2026.07.12 - 17.58.20.17.Eliminado.DVR.mp4,Eliminado,0.0
180,14.3,60.0,1360,768,Fortnite 2026.07.15 - 19.00.04.02.Eliminación.DVR.mp4,Eliminacion,1.0
181,20.42,60.0,1360,768,Fortnite 2026.07.15 - 19.00.20.03.Eliminación.DVR.mp4,Eliminacion,1.0
182,20.1,60.0,1360,768,Fortnite 2026.07.15 - 19.06.17.04.Eliminación.DVR.mp4,Eliminacion,1.0
183,22.13,60.0,1360,768,Fortnite 2026.07.15 - 19.15.51.05.Eliminado.DVR.mp4,Eliminado,0.0
184,14.43,60.0,1360,768,Fortnite 2026.07.15 - 19.20.05.07.Eliminación.DVR.mp4,Eliminacion,1.0
185,20.43,60.0,1360,768,Fortnite 2026.07.15 - 19.21.20.08.Eliminación.DVR.mp4,Eliminacion,1.0
186,20.38,60.0,1360,768,Fortnite 2026.07.15 - 19.23.39.09.Eliminación.DVR.mp4,Eliminacion,1.0
187,20.03,60.0,1360,768,Fortnite 2026.07.15 - 19.25.18.10.Eliminación.DVR.mp4,Eliminacion,1.0
188,20.03,60.0,1360,768,Fortnite 2026.07.15 - 19.28.21.11.Eliminación.DVR.mp4,Eliminacion,1.0
189,20.43,60.0,1360,768,Fortnite 2026.07.15 - 19.30.24.12.Eliminación.DVR.mp4,Eliminacion,1.0
190,20.1,60.0,1360,768,Fortnite 2026.07.15 - 19.36.12.13.Eliminación.DVR.mp4,Eliminacion,1.0
191,20.45,60.0,1360,768,Fortnite 2026.07.15 - 19.36.58.14.Eliminación.DVR.mp4,Eliminacion,1.0
192,20.42,60.0,1360,768,Fortnite 2026.07.15 - 19.44.18.16.Eliminación doble.DVR.mp4,Eliminacion,1.0
193,23.38,60.0,1360,768,Fortnite 2026.07.15 - 19.47.53.17.Eliminación.DVR.mp4,Eliminacion,1.0
194,20.08,60.0,1360,768,Fortnite 2026.07.15 - 19.48.11.18.Eliminación.DVR.mp4,Eliminacion,1.0
195,20.3,60.0,1360,768,Fortnite 2026.07.15 - 19.50.16.19.Eliminación doble.DVR.mp4,Eliminacion,1.0
196,23.05,60.0,1360,768,Fortnite 2026.07.15 - 19.52.49.20.Eliminado.DVR.mp4,Eliminado,0.0
197,15.18,60.0,1360,768,Fortnite 2026.07.15 - 19.55.58.22.Eliminación doble.DVR.mp4,Eliminacion,1.0
198,23.23,60.0,1360,768,Fortnite 2026.07.15 - 19.56.14.23.Eliminación triple.DVR.mp4,Eliminacion,1.0
199,25.22,60.0,1360,768,Fortnite 2026.07.15 - 20.01.21.24.Abajo.DVR.mp4,Eliminacion,1.0
200,20.4,60.0,1360,768,Fortnite 2026.07.15 - 20.01.31.25.Eliminación.DVR.mp4,Eliminacion,1.0
201,20.02,60.0,1360,768,Fortnite 2026.07.15 - 20.02.58.26.Eliminación.DVR.mp4,Eliminacion,1.0
202,20.03,60.0,1360,768,Fortnite 2026.07.19 - 14.56.24.02.Eliminación.DVR.mp4,Eliminacion,1.0
203,20.1,60.0,1360,768,Fortnite 2026.07.19 - 14.57.30.03.Eliminación doble.DVR.mp4,Eliminacion,1.0
204,21.33,60.0,1360,768,Fortnite 2026.07.19 - 14.57.56.04.Eliminación doble.DVR.mp4,Eliminacion,1.0
205,22.35,60.0,1360,768,Fortnite 2026.07.19 - 15.09.49.05.Eliminado.DVR.mp4,Eliminado,0.0
206,14.87,60.0,1360,768,Fortnite 2026.07.19 - 16.29.51.08.Eliminación.DVR.mp4,Eliminacion,1.0
207,23.22,60.0,1360,768,Fortnite 2026.07.19 - 16.32.56.09.Eliminado.DVR.mp4,Eliminado,0.0
208,15.0,60.0,1360,768,Fortnite 2026.07.19 - 16.36.04.11.Abajo.DVR.mp4,Eliminacion,1.0
209,20.43,60.0,1360,768,Fortnite 2026.07.19 - 16.36.11.12.Eliminación.DVR.mp4,Eliminacion,1.0
210,20.13,60.0,1360,768,Fortnite 2026.07.19 - 16.36.26.13.Eliminado.DVR.mp4,Eliminado,0.0
211,14.53,60.0,1360,768,Fortnite 2026.07.19 - 16.38.34.15.Abajo.DVR.mp4,Eliminacion,1.0
212,20.37,60.0,1360,768,Fortnite 2026.07.19 - 16.38.41.16.Eliminación.DVR.mp4,Eliminacion,1.0
213,20.1,60.0,1360,768,Fortnite 2026.07.19 - 16.39.12.17.Abajo.DVR.mp4,Eliminacion,1.0
214,20.37,60.0,1360,768,Fortnite 2026.07.19 - 16.39.21.18.Eliminación.DVR.mp4,Eliminacion,1.0
215,20.07,60.0,1360,768,Fortnite 2026.07.19 - 16.42.45.19.Abajo.DVR.mp4,Eliminacion,1.0
216,20.22,60.0,1360,768,Fortnite 2026.07.19 - 16.42.56.20.Eliminación doble.DVR.mp4,Eliminacion,1.0
217,24.1,60.0,1360,768,Fortnite 2026.07.19 - 16.45.28.21.Abajo.DVR.mp4,Eliminacion,1.0
218,20.37,60.0,1360,768,Fortnite 2026.07.19 - 16.45.41.22.Eliminación doble.DVR.mp4,Eliminacion,1.0
219,26.42,60.0,1360,768,Fortnite 2026.07.19 - 16.46.56.23.Abajo.DVR.mp4,Eliminacion,1.0
220,20.37,60.0,1360,768,Fortnite 2026.07.19 - 16.47.03.24.Eliminación.DVR.mp4,Eliminacion,1.0
221,20.22,60.0,1360,768,Fortnite 2026.07.19 - 16.51.03.25.Eliminación.DVR.mp4,Eliminacion,1.0
222,23.47,60.0,1360,768,Fortnite 2026.07.19 - 16.54.51.26.Eliminado.DVR.mp4,Eliminado,0.0
223,14.47,60.0,1360,768,Fortnite 2026.07.19 - 19.11.55.02.Eliminación.DVR.mp4,Eliminacion,1.0
224,23.18,60.0,1360,768,Fortnite 2026.07.19 - 19.12.18.03.Eliminado.DVR.mp4,Eliminado,0.0
225,15.22,60.0,1360,768,Fortnite 2026.07.19 - 19.15.22.05.Eliminado.DVR.mp4,Eliminado,0.0
226,15.48,60.0,1360,768,Fortnite 2026.07.19 - 19.18.13.07.Eliminación.DVR.mp4,Eliminacion,1.0
227,23.17,60.0,1360,768,Fortnite 2026.07.19 - 19.18.29.08.Abajo.DVR.mp4,Eliminacion,1.0
228,20.35,60.0,1360,768,Fortnite 2026.07.19 - 19.18.35.09.Eliminación.DVR.mp4,Eliminacion,1.0
229,20.2,60.0,1360,768,Fortnite 2026.07.19 - 19.24.09.10.Abajo.DVR.mp4,Eliminacion,1.0
230,20.0,60.0,1360,768,Fortnite 2026.07.19 - 19.24.15.11.Eliminación.DVR.mp4,Eliminacion,1.0
231,20.45,60.0,1360,768,Fortnite 2026.07.19 - 19.26.31.12.Eliminado.DVR.mp4,Eliminado,0.0
232,15.2,60.0,1360,768,Fortnite 2026.07.19 - 19.31.01.14.Abajo.DVR.mp4,Eliminacion,1.0
233,20.33,60.0,1360,768,Fortnite 2026.07.19 - 19.31.06.15.Eliminación.DVR.mp4,Eliminacion,1.0
234,20.07,60.0,1360,768,Fortnite 2026.07.19 - 19.34.57.16.Abajo.DVR.mp4,Eliminacion,1.0
235,20.38,60.0,1360,768,Fortnite 2026.07.19 - 19.35.09.17.Eliminación doble.DVR.mp4,Eliminacion,1.0
236,27.1,60.0,1360,768,Fortnite 2026.07.19 - 19.36.04.18.Eliminación.DVR.mp4,Eliminacion,1.0
237,24.5,60.0,1360,768,Fortnite 2026.07.19 - 19.36.28.19.Eliminación.DVR.mp4,Eliminacion,1.0
238,20.12,60.0,1360,768,Fortnite 2026.07.19 - 19.37.03.20.Abajo.DVR.mp4,Eliminacion,1.0
239,20.33,60.0,1360,768,Fortnite 2026.07.19 - 19.37.09.21.Eliminación.DVR.mp4,Eliminacion,1.0
240,20.18,60.0,1360,768,Fortnite 2026.07.19 - 19.37.55.22.Abajo.DVR.mp4,Eliminacion,1.0
241,20.3,60.0,1360,768,Fortnite 2026.07.19 - 19.37.56.23.Eliminado.DVR.mp4,Eliminado,0.0
242,15.33,60.0,1360,768,Fortnite 2026.07.19 - 19.40.50.25.Eliminación.DVR.mp4,Eliminacion,1.0
243,25.12,60.0,1360,768,Fortnite 2026.07.19 - 19.41.26.26.Eliminación.DVR.mp4,Eliminacion,1.0
244,23.25,60.0,1360,768,Fortnite 2026.07.19 - 19.44.10.27.Eliminación.DVR.mp4,Eliminacion,1.0
245,22.05,60.0,1360,768,Fortnite 2026.07.19 - 19.56.39.28.Eliminado.DVR.mp4,Eliminado,0.0
246,15.25,60.0,1360,768,Fortnite 2026.07.22 - 19.16.27.02.Eliminación.DVR.mp4,Eliminacion,1.0
247,20.07,60.0,1360,768,Fortnite 2026.07.22 - 19.17.03.03.Eliminación.DVR.mp4,Eliminacion,1.0
248,20.18,60.0,1360,768,Fortnite 2026.07.22 - 19.18.22.04.Eliminación.DVR.mp4,Eliminacion,1.0
249,20.22,60.0,1360,768,Fortnite 2026.07.22 - 19.19.08.05.Eliminación.DVR.mp4,Eliminacion,1.0
250,20.48,60.0,1360,768,Fortnite 2026.07.22 - 19.20.27.06.Eliminación.DVR.mp4,Eliminacion,1.0
251,20.0,60.0,1360,768,Fortnite 2026.07.22 - 19.30.40.07.Eliminación.DVR.mp4,Eliminacion,1.0
252,20.47,60.0,1360,768,Fortnite 2026.07.22 - 19.34.50.09.Eliminación doble.DVR.mp4,Eliminacion,1.0
253,21.42,60.0,1360,768,Fortnite 2026.07.22 - 19.40.04.10.Eliminación doble.DVR.mp4,Eliminacion,1.0
254,24.23,60.0,1360,768,Fortnite 2026.07.22 - 19.41.20.11.Eliminación.DVR.mp4,Eliminacion,1.0
255,20.13,60.0,1360,768,Fortnite 2026.07.22 - 19.41.40.12.Eliminación.DVR.mp4,Eliminacion,1.0
256,20.33,60.0,1360,768,Fortnite 2026.07.22 - 19.42.17.13.Eliminación.DVR.mp4,Eliminacion,1.0
257,20.0,60.0,1360,768,Fortnite 2026.07.22 - 19.44.26.14.Eliminación.DVR.mp4,Eliminacion,1.0
258,20.17,60.0,1360,768,Fortnite 2026.07.22 - 19.44.38.15.Eliminación.DVR.mp4,Eliminacion,1.0
259,20.38,60.0,1360,768,Fortnite 2026.07.22 - 19.45.33.16.Eliminación.DVR.mp4,Eliminacion,1.0
260,20.22,60.0,1360,768,Fortnite 2026.07.22 - 19.46.12.17.Abajo.DVR.mp4,Eliminacion,1.0
261,20.23,60.0,1360,768,Fortnite 2026.07.22 - 19.46.18.18.Eliminación.DVR.mp4,Eliminacion,1.0
262,20.45,60.0,1360,768,Fortnite 2026.07.22 - 19.47.34.19.Victoria.DVR.mp4,Victoria,2.0
263,15.0,60.0,1360,768,Fortnite 2026.07.26 - 18.14.49.02.Eliminación.DVR.mp4,Eliminacion,1.0
264,20.18,60.0,1360,768,Fortnite 2026.07.26 - 18.16.37.03.Eliminación doble.DVR.mp4,Eliminacion,1.0
265,21.22,60.0,1360,768,Fortnite 2026.07.26 - 18.17.23.04.Eliminación.DVR.mp4,Eliminacion,1.0
266,20.07,60.0,1360,768,Fortnite 2026.07.26 - 18.19.33.05.Eliminación.DVR.mp4,Eliminacion,1.0
267,20.47,60.0,1360,768,Fortnite 2026.07.26 - 18.23.52.06.Eliminación.DVR.mp4,Eliminacion,1.0
268,20.23,60.0,1360,768,Fortnite 2026.07.26 - 18.25.08.07.Eliminación.DVR.mp4,Eliminacion,1.0
269,20.37,60.0,1360,768,Fortnite 2026.07.26 - 18.28.16.08.Eliminación.DVR.mp4,Eliminacion,1.0
270,20.08,60.0,1360,768,Fortnite 2026.07.26 - 18.31.05.09.Eliminación.DVR.mp4,Eliminacion,1.0
271,20.33,60.0,1360,768,Fortnite 2026.07.26 - 18.33.20.10.Victoria.DVR.mp4,Victoria,2.0
272,15.18,60.0,1360,768,Fortnite 2026.08.02 - 17.22.34.02.Eliminación.DVR.mp4,Eliminacion,1.0
273,20.03,60.0,1360,768,Fortnite 2026.08.02 - 17.26.37.03.Eliminación.DVR.mp4,Eliminacion,1.0
274,20.38,60.0,1360,768,Fortnite 2026.08.02 - 17.27.01.04.Eliminado.DVR.mp4,Eliminado,0.0
275,13.93,60.0,1360,768,Fortnite 2026.08.02 - 17.29.52.06.Eliminación.DVR.mp4,Eliminacion,1.0
276,20.38,60.0,1360,768,Fortnite 2026.08.02 - 17.31.12.07.Eliminación doble.DVR.mp4,Eliminacion,1.0
277,23.0,60.0,1360,768,Fortnite 2026.08.02 - 17.32.21.08.Eliminación.DVR.mp4,Eliminacion,1.0
278,20.08,60.0,1360,768,Fortnite 2026.08.02 - 17.38.00.09.Eliminación.DVR.mp4,Eliminacion,1.0
279,20.5,60.0,1360,768,Fortnite 2026.08.02 - 17.38.19.10.Eliminado.DVR.mp4,Eliminado,0.0
280,14.45,60.0,1360,768,Fortnite 2026.08.02 - 17.46.28.12.Eliminación.DVR.mp4,Eliminacion,1.0
281,20.18,60.0,1360,768,Fortnite 2026.08.02 - 17.47.16.13.Eliminación.DVR.mp4,Eliminacion,1.0
282,20.38,60.0,1360,768,Fortnite 2026.08.02 - 17.49.05.14.Eliminación.DVR.mp4,Eliminacion,1.0
283,20.12,60.0,1360,768,Fortnite 2026.08.02 - 17.50.28.15.Eliminación.DVR.mp4,Eliminacion,1.0
284,20.0,60.0,1360,768,Fortnite 2026.08.02 - 17.50.50.16.Eliminado.DVR.mp4,Eliminado,0.0
285,14.47,60.0,1360,768,Fortnite 2026.08.02 - 18.01.36.18.Eliminado.DVR.mp4,Eliminado,0.0
286,14.15,60.0,1360,768,Fortnite 2026.08.02 - 18.04.31.20.Eliminación.DVR.mp4,Eliminacion,1.0
287,20.13,60.0,1360,768,Fortnite 2026.08.02 - 18.06.41.21.Eliminación.DVR.mp4,Eliminacion,1.0
288,20.02,60.0,1360,768,Fortnite 2026.08.02 - 18.07.59.22.Eliminación.DVR.mp4,Eliminacion,1.0
289,20.17,60.0,1360,768,Fortnite 2026.08.02 - 18.08.51.23.Eliminación.DVR.mp4,Eliminacion,1.0
290,20.15,60.0,1360,768,Fortnite 2026.08.02 - 18.09.08.24.Eliminado.DVR.mp4,Eliminado,0.0
291,15.0,60.0,1360,768,Fortnite 2026.08.06 - 16.32.34.02.Eliminación.DVR.mp4,Eliminacion,1.0
292,20.15,60.0,1360,768,Fortnite 2026.08.06 - 16.33.07.03.Eliminación.DVR.mp4,Eliminacion,1.0
293,20.05,60.0,1360,768,Fortnite 2026.08.06 - 16.34.22.04.Eliminación.DVR.mp4,Eliminacion,1.0
294,20.37,60.0,1360,768,Fortnite 2026.08.06 - 16.36.15.05.Eliminación doble.DVR.mp4,Eliminacion,1.0
295,23.18,60.0,1360,768,Fortnite 2026.08.06 - 16.37.39.06.Eliminación.DVR.mp4,Eliminacion,1.0
296,20.43,60.0,1360,768,Fortnite 2026.08.06 - 16.38.07.07.Eliminado.DVR.mp4,Eliminado,0.0
297,20.43,60.0,1360,768,Fortnite 2026.08.06 - 16.42.22.09.Eliminación.DVR.mp4,Eliminacion,1.0
298,20.25,60.0,1360,768,Fortnite 2026.08.06 - 16.42.34.10.Eliminación.DVR.mp4,Eliminacion,1.0
299,20.13,60.0,1360,768,Fortnite 2026.08.06 - 16.44.19.11.Eliminación.DVR.mp4,Eliminacion,1.0
300,20.13,60.0,1360,768,Fortnite 2026.08.06 - 16.44.27.12.Eliminación.DVR.mp4,Eliminacion,1.0
301,20.35,60.0,1360,768,Fortnite 2026.08.06 - 16.45.50.13.Eliminado.DVR.mp4,Eliminado,0.0
302,14.58,60.0,1360,768,Fortnite 2026.08.06 - 16.49.27.15.Eliminación.DVR.mp4,Eliminacion,1.0
303,20.12,60.0,1360,768,Fortnite 2026.08.06 - 16.50.10.16.Eliminación.DVR.mp4,Eliminacion,1.0
304,20.12,60.0,1360,768,Fortnite 2026.08.06 - 16.55.04.17.Eliminación doble.DVR.mp4,Eliminacion,1.0
305,21.27,60.0,1360,768,Fortnite 2026.08.06 - 16.55.51.18.Eliminación.DVR.mp4,Eliminacion,1.0
306,20.4,60.0,1360,768,Fortnite 2026.08.06 - 16.56.25.19.Eliminación.DVR.mp4,Eliminacion,1.0
307,20.47,60.0,1360,768,Fortnite 2026.08.06 - 16.57.08.20.Eliminación.DVR.mp4,Eliminacion,1.0
308,23.47,60.0,1360,768,Fortnite 2026.08.06 - 16.58.09.21.Eliminación.DVR.mp4,Eliminacion,1.0
309,20.25,60.0,1360,768,Fortnite 2026.08.06 - 17.00.15.22.Eliminación.DVR.mp4,Eliminacion,1.0
310,22.23,60.0,1360,768,Fortnite 2026.08.06 - 17.00.57.23.Abajo.DVR.mp4,Eliminacion,1.0
311,20.1,60.0,1360,768,Fortnite 2026.08.06 - 17.01.04.24.Eliminación.DVR.mp4,Eliminacion,1.0
312,20.22,60.0,1360,768,Fortnite 2026.08.06 - 17.02.34.25.Eliminado.DVR.mp4,Eliminado,0.0
313,15.48,60.0,1360,768,Fortnite 2026.08.06 - 17.07.53.27.Eliminación.DVR.mp4,Eliminacion,1.0
314,20.17,60.0,1360,768,Fortnite 2026.08.06 - 17.09.17.28.Eliminación.DVR.mp4,Eliminacion,1.0
315,20.1,60.0,1360,768,Fortnite 2026.08.06 - 17.10.00.29.Eliminación.DVR.mp4,Eliminacion,1.0
316,20.37,60.0,1360,768,Fortnite 2026.08.06 - 17.11.11.30.Eliminación doble.DVR.mp4,Eliminacion,1.0
317,21.17,60.0,1360,768,Fortnite 2026.08.06 - 17.12.38.31.Eliminación.DVR.mp4,Eliminacion,1.0
318,20.3,60.0,1360,768,Fortnite 2026.08.06 - 17.14.48.32.Eliminado.DVR.mp4,Eliminado,0.0
319,14.23,60.0,1360,768,Fortnite 2026.08.06 - 17.18.48.34.Eliminación.DVR.mp4,Eliminacion,1.0
320,20.03,60.0,1360,768,Fortnite 2026.08.06 - 17.18.58.35.Eliminado.DVR.mp4,Eliminado,0.0
321,15.3,60.0,1360,768,Fortnite 2026.08.06 - 17.23.35.37.Eliminación.DVR.mp4,Eliminacion,1.0
322,20.38,60.0,1360,768,Fortnite 2026.08.06 - 17.23.52.38.Eliminación.DVR.mp4,Eliminacion,1.0
323,20.13,60.0,1360,768,Fortnite 2026.08.06 - 17.24.58.39.Eliminación.DVR.mp4,Eliminacion,1.0
324,20.12,60.0,1360,768,Fortnite 2026.08.06 - 17.26.05.40.Eliminación doble.DVR.mp4,Eliminacion,1.0
325,24.08,60.0,1360,768,Fortnite 2026.08.06 - 17.26.18.41.Eliminación.DVR.mp4,Eliminacion,1.0
326,20.43,60.0,1360,768,Fortnite 2026.08.06 - 17.27.15.42.Eliminado.DVR.mp4,Eliminado,0.0
327,14.98,60.0,1360,768,Fortnite 2026.08.06 - 17.30.30.44.Eliminación.DVR.mp4,Eliminacion,1.0
328,20.45,60.0,1360,768,Fortnite 2026.08.06 - 17.32.16.45.Eliminación.DVR.mp4,Eliminacion,1.0
329,20.23,60.0,1360,768,Fortnite 2026.08.06 - 17.32.24.46.Eliminación.DVR.mp4,Eliminacion,1.0
330,20.38,60.0,1360,768,Fortnite 2026.08.06 - 17.32.35.47.Eliminado.DVR.mp4,Eliminado,0.0
331,15.05,60.0,1360,768,Fortnite 2026.08.06 - 17.35.22.49.Eliminado.DVR.mp4,Eliminado,0.0
332,15.13,60.0,1360,768,Fortnite 2026.08.06 - 17.39.11.51.Eliminación.DVR.mp4,Eliminacion,1.0
333,20.08,60.0,1360,768,Fortnite 2026.08.06 - 17.39.24.52.Eliminado.DVR.mp4,Eliminado,0.0
334,14.75,60.0,1360,768,Fortnite 2026.08.06 - 17.43.17.54.Eliminación.DVR.mp4,Eliminacion,1.0
335,20.08,60.0,1360,768,Fortnite 2026.08.06 - 17.43.38.55.Eliminación.DVR.mp4,Eliminacion,1.0
336,20.08,60.0,1360,768,Fortnite 2026.08.06 - 17.44.54.56.Eliminación.DVR.mp4,Eliminacion,1.0
337,20.12,60.0,1360,768,Fortnite 2026.08.06 - 17.46.20.57.Eliminado.DVR.mp4,Eliminado,0.0
338,14.87,60.0,1360,768,Fortnite 2026.08.06 - 17.49.07.59.Eliminación.DVR.mp4,Eliminacion,1.0
339,20.22,60.0,1360,768,Fortnite 2026.08.06 - 17.49.13.60.Eliminación.DVR.mp4,Eliminacion,1.0
340,20.15,60.0,1360,768,Fortnite 2026.08.06 - 17.50.18.61.Eliminación.DVR.mp4,Eliminacion,1.0
341,20.07,60.0,1360,768,Fortnite 2026.08.06 - 17.51.57.63.Eliminación.DVR.mp4,Eliminacion,1.0
342,20.35,60.0,1360,768,Fortnite 2026.08.06 - 17.54.59.64.Eliminación doble.DVR.mp4,Eliminacion,1.0
343,20.4,60.0,1360,768,Fortnite 2026.08.06 - 17.55.49.65.Eliminación.DVR.mp4,Eliminacion,1.0
344,20.32,60.0,1360,768,Fortnite 2026.08.06 - 17.56.12.66.Eliminado.DVR.mp4,Eliminado,0.0
345,15.07,60.0,1360,768,Fortnite 2026.08.06 - 18.00.20.68.Eliminación.DVR.mp4,Eliminacion,1.0
346,20.02,60.0,1360,768,Fortnite 2026.08.06 - 18.00.45.69.Eliminación.DVR.mp4,Eliminacion,1.0
347,20.45,60.0,1360,768,Fortnite 2026.08.06 - 18.01.26.70.Eliminación.DVR.mp4,Eliminacion,1.0
348,20.2,60.0,1360,768,Fortnite 2026.08.06 - 18.02.32.71.Eliminación.DVR.mp4,Eliminacion,1.0
349,20.0,60.0,1360,768,Fortnite 2026.08.06 - 18.02.51.72.Eliminación.DVR.mp4,Eliminacion,1.0
350,20.25,60.0,1360,768,Fortnite 2026.08.06 - 18.03.55.73.Eliminación.DVR.mp4,Eliminacion,1.0
351,20.13,60.0,1360,768,Fortnite 2026.08.06 - 18.05.46.74.Eliminación.DVR.mp4,Eliminacion,1.0
352,20.47,60.0,1360,768,Fortnite 2026.08.06 - 18.05.53.75.Eliminación.DVR.mp4,Eliminacion,1.0
353,20.47,60.0,1360,768,Fortnite 2026.08.06 - 18.07.42.76.Eliminado.DVR.mp4,Eliminado,0.0
354,14.8,60.0,1360,768,Fortnite 2026.08.06 - 18.11.36.78.Eliminación doble.DVR.mp4,Eliminacion,1.0
355,22.13,60.0,1360,768,Fortnite 2026.08.06 - 18.12.48.79.Eliminado.DVR.mp4,Eliminado,0.0
356,14.08,60.0,1360,768,Fortnite 2026.08.07 - 20.11.55.02.Eliminación.DVR.mp4,Eliminacion,1.0
357,20.33,60.0,1360,768,Fortnite 2026.08.07 - 20.13.02.03.Eliminación.DVR.mp4,Eliminacion,1.0
358,20.3,60.0,1360,768,Fortnite 2026.08.07 - 20.13.22.04.Eliminación triple.DVR.mp4,Eliminacion,1.0
359,25.35,60.0,1360,768,Fortnite 2026.08.07 - 20.13.29.05.Eliminación.DVR.mp4,Eliminacion,1.0
360,20.15,60.0,1360,768,Fortnite 2026.08.07 - 20.14.48.06.Eliminación.DVR.mp4,Eliminacion,1.0
361,20.0,60.0,1360,768,Fortnite 2026.08.07 - 20.18.38.07.Eliminación.DVR.mp4,Eliminacion,1.0
362,20.3,60.0,1360,768,Fortnite 2026.08.07 - 20.19.10.08.Eliminación.DVR.mp4,Eliminacion,1.0
363,20.02,60.0,1360,768,Fortnite 2026.08.07 - 20.19.54.09.Eliminación.DVR.mp4,Eliminacion,1.0
364,22.02,60.0,1360,768,Fortnite 2026.08.07 - 20.20.48.10.Eliminación.DVR.mp4,Eliminacion,1.0
365,20.2,60.0,1360,768,Fortnite 2026.08.07 - 20.21.21.11.Eliminado.DVR.mp4,Eliminado,0.0
366,15.13,60.0,1360,768,Fortnite 2026.08.07 - 20.24.37.13.Eliminación.DVR.mp4,Eliminacion,1.0
367,20.23,60.0,1360,768,Fortnite 2026.08.07 - 20.26.03.14.Eliminación doble.DVR.mp4,Eliminacion,1.0
368,22.0,60.0,1360,768,Fortnite 2026.08.07 - 20.27.55.15.Eliminación.DVR.mp4,Eliminacion,1.0
369,20.07,60.0,1360,768,Fortnite 2026.08.07 - 20.28.36.16.Eliminación.DVR.mp4,Eliminacion,1.0
370,20.08,60.0,1360,768,Fortnite 2026.08.07 - 20.32.09.17.Eliminación.DVR.mp4,Eliminacion,1.0
371,20.38,60.0,1360,768,Fortnite 2026.08.07 - 20.32.27.18.Eliminación.DVR.mp4,Eliminacion,1.0
372,20.18,60.0,1360,768,Fortnite 2026.08.07 - 20.35.16.19.Eliminación.DVR.mp4,Eliminacion,1.0
373,23.02,60.0,1360,768,Fortnite 2026.08.07 - 20.35.51.20.Eliminación.DVR.mp4,Eliminacion,1.0
374,23.45,60.0,1360,768,Fortnite 2026.08.07 - 20.36.56.21.Eliminación.DVR.mp4,Eliminacion,1.0
375,20.27,60.0,1360,768,Fortnite 2026.08.07 - 20.38.38.22.Eliminación.DVR.mp4,Eliminacion,1.0
376,20.05,60.0,1360,768,Fortnite 2026.08.07 - 20.42.55.23.Eliminado.DVR.mp4,Eliminado,0.0
377,15.3,60.0,1360,768,Fortnite 2026.08.07 - 20.47.24.25.Eliminación.DVR.mp4,Eliminacion,1.0
378,20.25,60.0,1360,768,Fortnite 2026.08.07 - 20.51.43.26.Eliminación.DVR.mp4,Eliminacion,1.0
379,20.0,60.0,1360,768,Fortnite 2026.08.07 - 20.54.01.27.Eliminación doble.DVR.mp4,Eliminacion,1.0
380,21.38,60.0,1360,768,Fortnite 2026.08.07 - 20.54.59.28.Eliminación.DVR.mp4,Eliminacion,1.0
381,20.28,60.0,1360,768,Fortnite 2026.08.07 - 21.00.41.30.Eliminación.DVR.mp4,Eliminacion,1.0
382,20.03,60.0,1360,768,Fortnite 2026.08.07 - 21.01.02.31.Eliminación.DVR.mp4,Eliminacion,1.0
383,20.37,60.0,1360,768,Fortnite 2026.08.07 - 21.01.39.32.Eliminación.DVR.mp4,Eliminacion,1.0
384,20.17,60.0,1360,768,Fortnite 2026.08.07 - 21.06.47.33.Eliminación.DVR.mp4,Eliminacion,1.0
385,20.3,60.0,1360,768,Fortnite 2026.08.07 - 21.12.16.34.Eliminado.DVR.mp4,Eliminado,0.0
386,14.23,60.0,1360,768,Fortnite 2026.08.07 - 21.18.35.36.Eliminado.DVR.mp4,Eliminado,0.0
387,14.72,60.0,1360,768,Fortnite 2026.08.07 - 21.22.41.38.Eliminado.DVR.mp4,Eliminado,0.0
388,14.52,60.0,1360,768,Fortnite 2026.08.07 - 21.25.59.40.Eliminación doble.DVR.mp4,Eliminacion,1.0
389,22.0,60.0,1360,768,Fortnite 2026.08.07 - 21.26.39.41.Eliminación doble.DVR.mp4,Eliminacion,1.0
390,21.3,60.0,1360,768,Fortnite 2026.08.07 - 21.26.48.42.Eliminación triple.DVR.mp4,Eliminacion,1.0
391,23.3,60.0,1360,768,Fortnite 2026.08.07 - 21.27.00.43.Eliminación.DVR.mp4,Eliminacion,1.0
392,20.38,60.0,1360,768,Fortnite 2026.08.07 - 21.31.39.44.Eliminación.DVR.mp4,Eliminacion,1.0
393,20.38,60.0,1360,768,Fortnite 2026.08.07 - 21.31.58.45.Eliminado.DVR.mp4,Eliminado,0.0
394,14.12,60.0,1360,768,Fortnite 2026.08.07 - 21.35.01.47.Eliminación.DVR.mp4,Eliminacion,1.0
395,20.02,60.0,1360,768,Fortnite 2026.08.07 - 21.35.21.48.Eliminado.DVR.mp4,Eliminado,0.0
396,14.5,60.0,1360,768,Fortnite 2026.08.08 - 20.38.27.02.Abajo.DVR.mp4,Eliminacion,1.0
397,20.45,60.0,1360,768,Fortnite 2026.08.08 - 20.38.33.03.Eliminación.DVR.mp4,Eliminacion,1.0
398,20.3,60.0,1360,768,Fortnite 2026.08.08 - 20.38.49.04.Eliminación múltiple.DVR.mp4,Eliminacion,1.0
399,29.28,60.0,1360,768,Fortnite 2026.08.08 - 20.42.13.06.Abajo.DVR.mp4,Eliminacion,1.0
400,20.25,60.0,1360,768,Fortnite 2026.08.08 - 20.42.19.07.Eliminación.DVR.mp4,Eliminacion,1.0
401,20.35,60.0,1360,768,Fortnite 2026.08.08 - 20.42.57.08.Eliminación.DVR.mp4,Eliminacion,1.0
402,22.05,60.0,1360,768,Fortnite 2026.08.08 - 20.46.01.09.Eliminación.DVR.mp4,Eliminacion,1.0
403,23.13,60.0,1360,768,Fortnite 2026.08.08 - 20.46.03.10.Eliminado.DVR.mp4,Eliminado,0.0
404,15.17,60.0,1360,768,Fortnite 2026.08.08 - 20.49.22.12.Eliminado.DVR.mp4,Eliminado,0.0
405,15.05,60.0,1360,768,Fortnite 2026.08.08 - 20.54.27.14.Eliminación.DVR.mp4,Eliminacion,1.0
406,24.3,60.0,1360,768,Fortnite 2026.08.08 - 20.58.32.15.Eliminación múltiple.DVR.mp4,Eliminacion,1.0
407,26.4,60.0,1360,768,Fortnite 2026.08.08 - 20.59.33.16.Eliminación.DVR.mp4,Eliminacion,1.0
408,22.42,60.0,1360,768,Fortnite 2026.08.08 - 21.02.37.17.Eliminación.DVR.mp4,Eliminacion,1.0
409,24.2,60.0,1360,768,Fortnite 2026.08.08 - 21.04.59.18.Eliminación.DVR.mp4,Eliminacion,1.0
410,24.0,60.0,1360,768,Fortnite 2026.08.08 - 21.07.30.19.Eliminación.DVR.mp4,Eliminacion,1.0
411,20.2,60.0,1360,768,Fortnite 2026.08.08 - 21.08.57.20.Eliminación.DVR.mp4,Eliminacion,1.0
412,20.38,60.0,1360,768,Fortnite 2026.08.08 - 21.09.18.21.Eliminado.DVR.mp4,Eliminado,0.0
413,14.43,60.0,1360,768,Fortnite 2026.08.08 - 21.19.04.23.Eliminación.DVR.mp4,Eliminacion,1.0
414,20.37,60.0,1360,768,Fortnite 2026.08.08 - 21.19.20.24.Eliminación.DVR.mp4,Eliminacion,1.0
415,20.32,60.0,1360,768,Fortnite 2026.08.08 - 21.22.31.26.Eliminación doble.DVR.mp4,Eliminacion,1.0
416,21.12,60.0,1360,768,Fortnite 2026.08.08 - 21.23.57.27.Eliminación.DVR.mp4,Eliminacion,1.0
417,20.22,60.0,1360,768,Fortnite 2026.08.08 - 21.24.21.28.Eliminación doble.DVR.mp4,Eliminacion,1.0
418,24.23,60.0,1360,768,Fortnite 2026.08.08 - 21.28.30.29.Eliminación.DVR.mp4,Eliminacion,1.0
419,20.18,60.0,1360,768,Fortnite 2026.08.08 - 21.29.17.30.Eliminación.DVR.mp4,Eliminacion,1.0
420,20.23,60.0,1360,768,Fortnite 2026.08.08 - 21.30.31.31.Eliminación.DVR.mp4,Eliminacion,1.0
421,20.2,60.0,1360,768,Fortnite 2026.08.08 - 21.33.28.32.Eliminación.DVR.mp4,Eliminacion,1.0
422,20.38,60.0,1360,768,Fortnite 2026.08.08 - 21.37.54.33.Eliminación.DVR.mp4,Eliminacion,1.0
423,20.38,60.0,1360,768,Fortnite 2026.08.08 - 21.39.43.34.Eliminado.DVR.mp4,Eliminado,0.0
424,14.18,60.0,1360,768,Fortnite 2026.08.08 - 21.53.14.36.Eliminado.DVR.mp4,Eliminado,0.0
425,14.42,60.0,1360,768,Fortnite 2026.08.14 - 20.53.21.02.Eliminado.DVR.mp4,Eliminado,0.0
426,15.1,60.0,1360,768,Fortnite 2026.08.14 - 20.55.06.03.Eliminación.DVR.mp4,Eliminacion,1.0
427,20.23,60.0,1360,768,Fortnite 2026.08.14 - 20.55.35.04.Eliminación.DVR.mp4,Eliminacion,1.0
428,20.43,60.0,1360,768,Fortnite 2026.08.14 - 20.55.58.05.Eliminación.DVR.mp4,Eliminacion,1.0
429,20.17,60.0,1360,768,Fortnite 2026.08.14 - 20.56.19.06.Eliminación.DVR.mp4,Eliminacion,1.0
430,20.07,60.0,1360,768,Fortnite 2026.08.14 - 20.56.26.07.Eliminación.DVR.mp4,Eliminacion,1.0
431,20.03,60.0,1360,768,Fortnite 2026.08.14 - 20.56.41.08.Eliminación.DVR.mp4,Eliminacion,1.0
432,20.45,60.0,1360,768,Fortnite 2026.08.14 - 20.57.32.09.Eliminación.DVR.mp4,Eliminacion,1.0
433,20.12,60.0,1360,768,Fortnite 2026.08.14 - 20.57.51.10.Eliminación.DVR.mp4,Eliminacion,1.0
434,20.38,60.0,1360,768,Fortnite 2026.08.14 - 20.59.16.11.Eliminación.DVR.mp4,Eliminacion,1.0
435,20.13,60.0,1360,768,Fortnite 2026.08.14 - 20.59.38.12.Eliminación.DVR.mp4,Eliminacion,1.0
436,20.32,60.0,1360,768,Fortnite 2026.08.14 - 21.00.15.13.Eliminación.DVR.mp4,Eliminacion,1.0
437,20.1,60.0,1360,768,Fortnite 2026.08.14 - 21.00.51.14.Eliminación.DVR.mp4,Eliminacion,1.0
438,20.03,60.0,1360,768,Fortnite 2026.08.14 - 21.01.09.15.Eliminación.DVR.mp4,Eliminacion,1.0
439,20.03,60.0,1360,768,Fortnite 2026.08.14 - 21.03.12.16.Eliminación.DVR.mp4,Eliminacion,1.0
440,20.13,60.0,1360,768,Fortnite 2026.08.14 - 21.04.06.17.Eliminación.DVR.mp4,Eliminacion,1.0
441,20.15,60.0,1360,768,Fortnite 2026.08.14 - 21.05.09.18.Eliminación.DVR.mp4,Eliminacion,1.0
442,20.4,60.0,1360,768,Fortnite 2026.08.14 - 21.07.32.19.Eliminación.DVR.mp4,Eliminacion,1.0
443,20.02,60.0,1360,768,Fortnite 2026.08.14 - 21.12.27.21.Eliminación.DVR.mp4,Eliminacion,1.0
444,20.45,60.0,1360,768,Fortnite 2026.08.14 - 21.12.33.22.Eliminado.DVR.mp4,Eliminado,0.0
445,15.37,60.0,1360,768,Fortnite 2026.08.14 - 21.15.31.23.Eliminación.DVR.mp4,Eliminacion,1.0
446,20.25,60.0,1360,768,Fortnite 2026.08.14 - 21.16.40.24.Eliminación.DVR.mp4,Eliminacion,1.0
447,20.07,60.0,1360,768,Fortnite 2026.08.14 - 21.17.55.25.Eliminado.DVR.mp4,Eliminado,0.0
448,15.02,60.0,1360,768,Fortnite 2026.08.14 - 21.19.56.26.Eliminación.DVR.mp4,Eliminacion,1.0
449,20.43,60.0,1360,768,Fortnite 2026.08.14 - 21.20.55.27.Eliminado.DVR.mp4,Eliminado,0.0
450,15.13,60.0,1360,768,Fortnite 2026.08.14 - 21.21.25.28.Eliminado.DVR.mp4,Eliminado,0.0
451,14.48,60.0,1360,768,Fortnite 2026.08.14 - 21.25.23.30.Eliminado.DVR.mp4,Eliminado,0.0
452,15.03,60.0,1360,768,Fortnite 2026.08.14 - 21.27.30.31.Eliminación.DVR.mp4,Eliminacion,1.0
453,20.27,60.0,1360,768,Fortnite 2026.08.14 - 21.28.21.32.Eliminación.DVR.mp4,Eliminacion,1.0
454,20.28,60.0,1360,768,Fortnite 2026.08.14 - 21.33.05.33.Eliminación.DVR.mp4,Eliminacion,1.0
455,20.27,60.0,1360,768,Fortnite 2026.08.14 - 21.35.00.34.Eliminado.DVR.mp4,Eliminado,0.0
456,15.3,60.0,1360,768,Fortnite 2026.08.14 - 21.35.24.35.Eliminado.DVR.mp4,Eliminado,0.0
457,15.43,60.0,1360,768,Fortnite 2026.08.14 - 21.36.27.36.Eliminación.DVR.mp4,Eliminacion,1.0
458,20.0,60.0,1360,768,Fortnite 2026.08.14 - 21.36.37.37.Eliminado.DVR.mp4,Eliminado,0.0
459,15.28,60.0,1360,768,Fortnite 2026.08.14 - 21.39.43.39.Eliminación.DVR.mp4,Eliminacion,1.0
460,20.22,60.0,1360,768,Fortnite 2026.08.14 - 21.40.51.40.Eliminación.DVR.mp4,Eliminacion,1.0
461,20.35,60.0,1360,768,Fortnite 2026.08.14 - 21.41.58.41.Eliminado.DVR.mp4,Eliminado,0.0
462,15.1,60.0,1360,768,Fortnite 2026.08.14 - 21.45.55.42.Eliminado.DVR.mp4,Eliminado,0.0
463,15.43,60.0,1360,768,Fortnite 2026.08.14 - 21.46.31.43.Eliminado.DVR.mp4,Eliminado,0.0
464,15.1,60.0,1360,768,Fortnite 2026.08.14 - 21.49.12.45.Eliminado.DVR.mp4,Eliminado,0.0
465,15.42,60.0,1360,768,Fortnite 2026.08.14 - 21.50.15.46.Eliminación.DVR.mp4,Eliminacion,1.0
466,20.0,60.0,1360,768,Fortnite 2026.08.14 - 21.51.04.47.Eliminación doble.DVR.mp4,Eliminacion,1.0
467,22.08,60.0,1360,768,Fortnite 2026.08.14 - 21.51.11.48.Eliminación.DVR.mp4,Eliminacion,1.0
468,20.42,60.0,1360,768,Fortnite 2026.08.14 - 21.52.14.49.Eliminación.DVR.mp4,Eliminacion,1.0
469,20.32,60.0,1360,768,Fortnite 2026.08.14 - 21.52.21.50.Eliminación.DVR.mp4,Eliminacion,1.0
470,20.22,60.0,1360,768,Fortnite 2026.08.14 - 21.52.49.51.Eliminación.DVR.mp4,Eliminacion,1.0
471,20.4,60.0,1360,768,Fortnite 2026.08.14 - 21.54.05.52.Eliminación.DVR.mp4,Eliminacion,1.0
472,20.32,60.0,1360,768,Fortnite 2026.08.14 - 21.55.12.53.Eliminación.DVR.mp4,Eliminacion,1.0
473,20.28,60.0,1360,768,Fortnite 2026.08.14 - 21.57.01.54.Eliminado.DVR.mp4,Eliminado,0.0
474,15.3,60.0,1360,768,Fortnite 2026.08.14 - 21.58.05.55.Eliminación.DVR.mp4,Eliminacion,1.0
475,20.15,60.0,1360,768,Fortnite 2026.08.14 - 22.01.41.56.Eliminación.DVR.mp4,Eliminacion,1.0
476,20.45,60.0,1360,768,Fortnite 2026.08.14 - 22.03.14.57.Eliminado.DVR.mp4,Eliminado,0.0
477,12.48,60.0,1360,768,Fortnite 2026.08.14 - 22.05.45.59.Eliminado.DVR.mp4,Eliminado,0.0
478,15.0,60.0,1360,768,Fortnite 2026.08.14 - 22.07.01.60.Eliminado.DVR.mp4,Eliminado,0.0
479,15.18,60.0,1360,768,Fortnite 2026.08.14 - 22.11.13.61.Eliminación.DVR.mp4,Eliminacion,1.0
480,20.12,60.0,1360,768,Fortnite 2026.08.14 - 22.11.39.62.Eliminación.DVR.mp4,Eliminacion,1.0
481,20.38,60.0,1360,768,Fortnite 2026.08.14 - 22.12.12.63.Eliminado.DVR.mp4,Eliminado,0.0
482,15.02,60.0,1360,768,Fortnite 2026.08.14 - 22.15.57.64.Eliminación.DVR.mp4,Eliminacion,1.0
483,20.13,60.0,1360,768,Fortnite 2026.08.14 - 22.16.16.65.Eliminación.DVR.mp4,Eliminacion,1.0
484,20.3,60.0,1360,768,Fortnite 2026.08.14 - 22.16.52.66.Eliminación.DVR.mp4,Eliminacion,1.0
485,20.33,60.0,1360,768,Fortnite 2026.08.14 - 22.17.16.67.Eliminado.DVR.mp4,Eliminado,0.0
486,15.35,60.0,1360,768,Fortnite 2026.08.14 - 22.20.07.68.Eliminado.DVR.mp4,Eliminado,0.0
487,14.87,60.0,1360,768,Fortnite 2026.08.15 - 20.03.44.02.Eliminación.DVR.mp4,Eliminacion,1.0
488,20.02,60.0,1360,768,Fortnite 2026.08.15 - 20.06.15.03.Eliminación.DVR.mp4,Eliminacion,1.0
489,20.15,60.0,1360,768,Fortnite 2026.08.15 - 20.06.48.04.Eliminación.DVR.mp4,Eliminacion,1.0
490,20.3,60.0,1360,768,Fortnite 2026.08.15 - 20.07.07.05.Eliminación.DVR.mp4,Eliminacion,1.0
491,20.07,60.0,1360,768,Fortnite 2026.08.15 - 20.07.23.06.Eliminación doble.DVR.mp4,Eliminacion,1.0
492,24.45,60.0,1360,768,Fortnite 2026.08.15 - 20.07.52.07.Eliminación.DVR.mp4,Eliminacion,1.0
493,20.43,60.0,1360,768,Fortnite 2026.08.15 - 20.08.02.08.Eliminación.DVR.mp4,Eliminacion,1.0
494,20.1,60.0,1360,768,Fortnite 2026.08.15 - 20.08.44.09.Eliminación.DVR.mp4,Eliminacion,1.0
495,20.2,60.0,1360,768,Fortnite 2026.08.15 - 20.11.00.10.Eliminación.DVR.mp4,Eliminacion,1.0
496,20.03,60.0,1360,768,Fortnite 2026.08.15 - 20.16.03.11.Eliminación.DVR.mp4,Eliminacion,1.0
497,20.47,60.0,1360,768,Fortnite 2026.08.15 - 20.16.09.12.Eliminado.DVR.mp4,Eliminado,0.0
498,15.23,60.0,1360,768,Fortnite 2026.08.15 - 20.19.54.14.Eliminación.DVR.mp4,Eliminacion,1.0
499,20.1,60.0,1360,768,Fortnite 2026.08.15 - 20.21.24.15.Eliminación.DVR.mp4,Eliminacion,1.0
500,20.35,60.0,1360,768,Fortnite 2026.08.15 - 20.21.33.16.Eliminación.DVR.mp4,Eliminacion,1.0
501,20.37,60.0,1360,768,Fortnite 2026.08.15 - 20.22.03.17.Eliminación.DVR.mp4,Eliminacion,1.0
502,20.02,60.0,1360,768,Fortnite 2026.08.15 - 20.23.15.18.Eliminación.DVR.mp4,Eliminacion,1.0
503,20.1,60.0,1360,768,Fortnite 2026.08.15 - 20.23.50.19.Eliminación doble.DVR.mp4,Eliminacion,1.0
504,21.2,60.0,1360,768,Fortnite 2026.08.15 - 20.24.43.20.Eliminación.DVR.mp4,Eliminacion,1.0
505,20.4,60.0,1360,768,Fortnite 2026.08.15 - 20.25.38.21.Eliminación.DVR.mp4,Eliminacion,1.0
506,20.1,60.0,1360,768,Fortnite 2026.08.15 - 20.27.42.22.Eliminación.DVR.mp4,Eliminacion,1.0
507,20.03,60.0,1360,768,Fortnite 2026.08.15 - 20.29.23.23.Eliminación.DVR.mp4,Eliminacion,1.0
508,20.43,60.0,1360,768,Fortnite 2026.08.15 - 20.29.48.24.Eliminado.DVR.mp4,Eliminado,0.0
509,15.23,60.0,1360,768,Fortnite 2026.08.15 - 20.30.27.25.Eliminado.DVR.mp4,Eliminado,0.0
510,15.47,60.0,1360,768,Fortnite 2026.08.15 - 20.33.23.26.Eliminado.DVR.mp4,Eliminado,0.0
511,15.37,60.0,1360,768,Fortnite 2026.08.15 - 20.38.47.28.Eliminación.DVR.mp4,Eliminacion,1.0
512,20.25,60.0,1360,768,Fortnite 2026.08.15 - 20.38.58.29.Eliminación.DVR.mp4,Eliminacion,1.0
513,20.43,60.0,1360,768,Fortnite 2026.08.15 - 20.39.15.30.Eliminado.DVR.mp4,Eliminado,0.0
514,15.22,60.0,1360,768,Fortnite 2026.08.15 - 20.43.04.31.Eliminación.DVR.mp4,Eliminacion,1.0
515,20.5,60.0,1360,768,Fortnite 2026.08.15 - 20.44.57.32.Eliminado.DVR.mp4,Eliminado,0.0
516,15.13,60.0,1360,768,Fortnite 2026.08.15 - 20.48.21.33.Eliminado.DVR.mp4,Eliminado,0.0
517,15.47,60.0,1360,768,Fortnite 2026.08.15 - 20.50.06.34.Eliminado.DVR.mp4,Eliminado,0.0
518,13.98,60.0,1360,768,Fortnite 2026.09.05 - 18.32.05.02.Eliminación.DVR.mp4,Eliminacion,1.0
519,20.08,60.0,1360,768,Fortnite 2026.09.05 - 18.34.16.03.Eliminación.DVR.mp4,Eliminacion,1.0
520,20.38,60.0,1360,768,Fortnite 2026.09.05 - 18.34.39.04.Eliminación doble.DVR.mp4,Eliminacion,1.0
521,23.42,60.0,1360,768,Fortnite 2026.09.05 - 18.36.41.05.Eliminación.DVR.mp4,Eliminacion,1.0
522,20.35,60.0,1360,768,Fortnite 2026.09.05 - 18.36.53.06.Eliminación.DVR.mp4,Eliminacion,1.0
523,20.27,60.0,1360,768,Fortnite 2026.09.05 - 18.43.44.07.Eliminación.DVR.mp4,Eliminacion,1.0
524,20.37,60.0,1360,768,Fortnite 2026.09.05 - 18.44.05.08.Eliminación.DVR.mp4,Eliminacion,1.0
525,20.08,60.0,1360,768,Fortnite 2026.09.05 - 18.44.18.09.Eliminación.DVR.mp4,Eliminacion,1.0
526,20.1,60.0,1360,768,Fortnite 2026.09.05 - 18.45.33.10.Victoria.DVR.mp4,Victoria,2.0
527,15.4,60.0,1360,768,Fortnite 2026.09.05 - 18.48.30.12.Eliminación.DVR.mp4,Eliminacion,1.0
528,20.22,60.0,1360,768,Fortnite 2026.09.05 - 18.49.17.13.Eliminación.DVR.mp4,Eliminacion,1.0
529,20.13,60.0,1360,768,Fortnite 2026.09.05 - 18.49.40.14.Eliminación.DVR.mp4,Eliminacion,1.0
530,20.25,60.0,1360,768,Fortnite 2026.09.05 - 18.50.00.15.Eliminación.DVR.mp4,Eliminacion,1.0
531,20.45,60.0,1360,768,Fortnite 2026.09.05 - 18.50.34.16.Eliminación.DVR.mp4,Eliminacion,1.0
532,20.3,60.0,1360,768,Fortnite 2026.09.05 - 18.51.03.17.Eliminación.DVR.mp4,Eliminacion,1.0
533,20.28,60.0,1360,768,Fortnite 2026.09.05 - 18.51.09.18.Eliminación.DVR.mp4,Eliminacion,1.0
534,20.0,60.0,1360,768,Fortnite 2026.09.05 - 18.51.50.19.Eliminación.DVR.mp4,Eliminacion,1.0
535,20.08,60.0,1360,768,Fortnite 2026.09.05 - 18.52.17.20.Eliminación doble.DVR.mp4,Eliminacion,1.0
536,22.37,60.0,1360,768,Fortnite 2026.09.05 - 18.54.08.21.Eliminación.DVR.mp4,Eliminacion,1.0
537,20.12,60.0,1360,768,Fortnite 2026.09.05 - 18.55.28.22.Eliminación.DVR.mp4,Eliminacion,1.0
538,20.02,60.0,1360,768,Fortnite 2026.09.05 - 18.57.16.23.Eliminación.DVR.mp4,Eliminacion,1.0
539,20.2,60.0,1360,768,Fortnite 2026.09.05 - 18.57.59.24.Eliminación.DVR.mp4,Eliminacion,1.0
540,20.38,60.0,1360,768,Fortnite 2026.09.05 - 18.58.12.25.Eliminación.DVR.mp4,Eliminacion,1.0
541,20.22,60.0,1360,768,Fortnite 2026.09.05 - 19.02.12.26.Victoria.DVR.mp4,Victoria,2.0
542,15.4,60.0,1360,768,Fortnite 2026.09.05 - 19.07.59.28.Eliminación.DVR.mp4,Eliminacion,1.0
543,20.08,60.0,1360,768,Fortnite 2026.09.05 - 19.10.44.29.Eliminación.DVR.mp4,Eliminacion,1.0
544,20.3,60.0,1360,768,Fortnite 2026.09.05 - 19.20.10.30.Eliminación.DVR.mp4,Eliminacion,1.0
545,20.1,60.0,1360,768,Fortnite 2026.09.05 - 19.20.16.31.Victoria.DVR.mp4,Victoria,2.0
546,15.22,60.0,1360,768,Fortnite 2026.09.05 - 19.25.51.33.Eliminación.DVR.mp4,Eliminacion,1.0
547,20.25,60.0,1360,768,Fortnite 2026.09.05 - 19.26.59.34.Eliminación.DVR.mp4,Eliminacion,1.0
548,20.38,60.0,1360,768,Fortnite 2026.09.05 - 19.38.23.35.Eliminado.DVR.mp4,Eliminado,0.0
549,14.57,60.0,1360,768,Fortnite 2026.09.05 - 19.43.19.37.Eliminación.DVR.mp4,Eliminacion,1.0
550,20.17,60.0,1360,768,Fortnite 2026.09.05 - 19.43.25.38.Eliminación.DVR.mp4,Eliminacion,1.0
551,20.2,60.0,1360,768,Fortnite 2026.09.05 - 19.43.53.39.Eliminación.DVR.mp4,Eliminacion,1.0
552,20.45,60.0,1360,768,Fortnite 2026.09.05 - 19.44.15.40.Eliminado.DVR.mp4,Eliminado,0.0
553,15.17,60.0,1360,768,Fortnite 2026.09.05 - 19.45.18.41.Eliminación.DVR.mp4,Eliminacion,1.0
554,20.32,60.0,1360,768,Fortnite 2026.09.05 - 19.45.25.42.Eliminación.DVR.mp4,Eliminacion,1.0
555,20.18,60.0,1360,768,Fortnite 2026.09.05 - 19.46.07.43.Eliminación.DVR.mp4,Eliminacion,1.0
556,20.47,60.0,1360,768,Fortnite 2026.09.05 - 19.46.15.44.Eliminación.DVR.mp4,Eliminacion,1.0
557,20.23,60.0,1360,768,Fortnite 2026.09.05 - 19.48.58.45.Eliminación.DVR.mp4,Eliminacion,1.0
558,20.47,60.0,1360,768,Fortnite 2026.09.05 - 19.49.21.46.Eliminación.DVR.mp4,Eliminacion,1.0
559,20.37,60.0,1360,768,Fortnite 2026.09.05 - 19.50.31.47.Eliminación.DVR.mp4,Eliminacion,1.0
560,20.05,60.0,1360,768,Fortnite 2026.09.05 - 19.55.30.48.Victoria.DVR.mp4,Victoria,2.0
561,15.12,60.0,1360,768,Fortnite 2026.09.05 - 20.16.06.50.Eliminado.DVR.mp4,Eliminado,0.0
562,15.12,60.0,1360,768,Fortnite 2026.09.05 - 20.16.46.51.Eliminado.DVR.mp4,Eliminado,0.0
563,15.15,60.0,1360,768,Fortnite 2026.09.05 - 20.19.21.52.Eliminación.DVR.mp4,Eliminacion,1.0
564,20.3,60.0,1360,768,Fortnite 2026.09.05 - 20.19.37.53.Eliminación.DVR.mp4,Eliminacion,1.0
565,20.4,60.0,1360,768,Fortnite 2026.09.05 - 20.19.59.54.Eliminación.DVR.mp4,Eliminacion,1.0
566,20.13,60.0,1360,768,Fortnite 2026.09.05 - 20.20.49.55.Eliminación.DVR.mp4,Eliminacion,1.0
567,20.15,60.0,1360,768,Fortnite 2026.09.05 - 20.24.17.56.Eliminado.DVR.mp4,Eliminado,0.0
568,15.0,60.0,1360,768,Fortnite 2026.09.05 - 20.24.51.57.Eliminación.DVR.mp4,Eliminacion,1.0
569,20.3,60.0,1360,768,Fortnite 2026.09.05 - 20.28.39.58.Eliminado.DVR.mp4,Eliminado,0.0
570,15.48,60.0,1360,768,Fortnite 2026.09.05 - 20.33.20.60.Eliminación.DVR.mp4,Eliminacion,1.0
571,20.35,60.0,1360,768,Fortnite 2026.09.05 - 20.34.17.61.Eliminación.DVR.mp4,Eliminacion,1.0
572,20.03,60.0,1360,768,Fortnite 2026.09.05 - 20.36.55.62.Eliminación.DVR.mp4,Eliminacion,1.0
573,20.35,60.0,1360,768,Fortnite 2026.09.05 - 20.38.18.63.Eliminación.DVR.mp4,Eliminacion,1.0
574,20.27,60.0,1360,768,Fortnite 2026.09.05 - 20.40.37.64.Eliminación.DVR.mp4,Eliminacion,1.0
575,20.32,60.0,1360,768,Fortnite 2026.09.05 - 20.42.28.65.Eliminación.DVR.mp4,Eliminacion,1.0
576,20.47,60.0,1360,768,Fortnite 2026.09.05 - 20.43.24.66.Eliminación.DVR.mp4,Eliminacion,1.0
577,20.4,60.0,1360,768,Fortnite 2026.09.05 - 20.48.16.67.Eliminación.DVR.mp4,Eliminacion,1.0
578,20.27,60.0,1360,768,Fortnite 2026.09.05 - 20.48.42.68.Eliminado.DVR.mp4,Eliminado,0.0
579,14.47,60.0,1360,768,Fortnite 2026.09.08 - 19.28.35.02.Eliminación.DVR.mp4,Eliminacion,1.0
580,20.37,60.0,1360,768,Fortnite 2026.09.08 - 19.31.54.03.Eliminación.DVR.mp4,Eliminacion,1.0
581,20.15,60.0,1360,768,Fortnite 2026.09.08 - 19.35.06.04.Eliminación.DVR.mp4,Eliminacion,1.0
582,20.47,60.0,1360,768,Fortnite 2026.09.08 - 19.38.00.05.Eliminado.DVR.mp4,Eliminado,0.0
583,14.6,60.0,1360,768,Fortnite 2026.09.08 - 19.41.21.07.Eliminación.DVR.mp4,Eliminacion,1.0
584,20.48,60.0,1360,768,Fortnite 2026.09.08 - 19.42.20.08.Eliminación.DVR.mp4,Eliminacion,1.0
585,20.47,60.0,1360,768,Fortnite 2026.09.08 - 19.42.52.09.Eliminación.DVR.mp4,Eliminacion,1.0
586,20.37,60.0,1360,768,Fortnite 2026.09.08 - 19.43.54.10.Eliminación.DVR.mp4,Eliminacion,1.0
587,20.03,60.0,1360,768,Fortnite 2026.09.08 - 19.44.28.11.Eliminación.DVR.mp4,Eliminacion,1.0
588,20.25,60.0,1360,768,Fortnite 2026.09.08 - 19.45.08.12.Eliminación.DVR.mp4,Eliminacion,1.0
589,20.23,60.0,1360,768,Fortnite 2026.09.08 - 19.45.19.13.Eliminación.DVR.mp4,Eliminacion,1.0
590,20.48,60.0,1360,768,Fortnite 2026.09.08 - 19.46.11.14.Eliminación.DVR.mp4,Eliminacion,1.0
591,20.42,60.0,1360,768,Fortnite 2026.09.08 - 19.48.03.15.Eliminación.DVR.mp4,Eliminacion,1.0
592,20.35,60.0,1360,768,Fortnite 2026.09.08 - 19.48.27.16.Eliminación.DVR.mp4,Eliminacion,1.0
593,20.3,60.0,1360,768,Fortnite 2026.09.08 - 19.48.53.17.Eliminación.DVR.mp4,Eliminacion,1.0
594,20.38,60.0,1360,768,Fortnite 2026.09.08 - 19.53.55.18.Eliminación.DVR.mp4,Eliminacion,1.0
595,20.25,60.0,1360,768,Fortnite 2026.09.08 - 19.55.03.19.Eliminación.DVR.mp4,Eliminacion,1.0
596,20.37,60.0,1360,768,Fortnite 2026.09.08 - 19.55.16.20.Victoria.DVR.mp4,Victoria,2.0
597,15.18,60.0,1360,768,Fortnite 2026.09.11 - 20.31.05.02.Eliminado.DVR.mp4,Eliminado,0.0
598,15.23,60.0,1360,768,Fortnite 2026.09.11 - 20.32.42.03.Eliminación.DVR.mp4,Eliminacion,1.0
599,20.12,60.0,1360,768,Fortnite 2026.09.11 - 20.33.17.04.Eliminación.DVR.mp4,Eliminacion,1.0
600,20.4,60.0,1360,768,Fortnite 2026.09.11 - 20.33.27.05.Eliminación.DVR.mp4,Eliminacion,1.0
601,20.15,60.0,1360,768,Fortnite 2026.09.11 - 20.33.43.06.Eliminación.DVR.mp4,Eliminacion,1.0
602,20.05,60.0,1360,768,Fortnite 2026.09.11 - 20.34.12.07.Eliminación.DVR.mp4,Eliminacion,1.0
603,20.03,60.0,1360,768,Fortnite 2026.09.11 - 20.35.31.08.Eliminación.DVR.mp4,Eliminacion,1.0
604,20.03,60.0,1360,768,Fortnite 2026.09.11 - 20.35.41.09.Eliminado.DVR.mp4,Eliminado,0.0
605,15.15,60.0,1360,768,Fortnite 2026.09.11 - 20.36.14.10.Eliminación.DVR.mp4,Eliminacion,1.0
606,20.33,60.0,1360,768,Fortnite 2026.09.11 - 20.36.47.11.Eliminación.DVR.mp4,Eliminacion,1.0
607,20.32,60.0,1360,768,Fortnite 2026.09.11 - 20.38.33.12.Eliminación.DVR.mp4,Eliminacion,1.0
608,20.28,60.0,1360,768,Fortnite 2026.09.11 - 20.39.11.13.Eliminación.DVR.mp4,Eliminacion,1.0
609,20.2,60.0,1360,768,Fortnite 2026.09.11 - 20.43.53.14.Eliminado.DVR.mp4,Eliminado,0.0
610,15.33,60.0,1360,768,Fortnite 2026.09.11 - 20.49.53.16.Eliminación.DVR.mp4,Eliminacion,1.0
611,19.5,60.0,1360,768,Fortnite 2026.09.11 - 20.50.21.17.Eliminación.DVR.mp4,Eliminacion,1.0
612,20.23,60.0,1360,768,Fortnite 2026.09.11 - 20.53.00.18.Eliminación.DVR.mp4,Eliminacion,1.0
613,20.0,60.0,1360,768,Fortnite 2026.09.11 - 20.54.27.19.Eliminación.DVR.mp4,Eliminacion,1.0
614,20.25,60.0,1360,768,Fortnite 2026.09.11 - 20.54.41.20.Eliminación.DVR.mp4,Eliminacion,1.0
615,20.37,60.0,1360,768,Fortnite 2026.09.11 - 20.56.26.21.Eliminado.DVR.mp4,Eliminado,0.0
616,15.08,60.0,1360,768,Fortnite 2026.09.11 - 20.56.53.22.Eliminado.DVR.mp4,Eliminado,0.0
617,15.42,60.0,1360,768,Fortnite 2026.09.11 - 20.58.25.23.Eliminación.DVR.mp4,Eliminacion,1.0
618,20.35,60.0,1360,768,Fortnite 2026.09.11 - 21.00.01.24.Eliminación.DVR.mp4,Eliminacion,1.0
619,20.1,60.0,1360,768,Fortnite 2026.09.11 - 21.00.08.25.Eliminado.DVR.mp4,Eliminado,0.0
620,15.17,60.0,1360,768,Fortnite 2026.09.11 - 21.04.08.27.Eliminado.DVR.mp4,Eliminado,0.0
621,15.42,60.0,1360,768,Fortnite 2026.09.11 - 21.05.44.28.Eliminación.DVR.mp4,Eliminacion,1.0
622,20.1,60.0,1360,768,Fortnite 2026.09.11 - 21.06.00.29.Eliminado.DVR.mp4,Eliminado,0.0
623,15.42,60.0,1360,768,Fortnite 2026.09.11 - 21.07.30.30.Eliminación.DVR.mp4,Eliminacion,1.0
624,20.18,60.0,1360,768,Fortnite 2026.09.11 - 21.09.09.31.Eliminación.DVR.mp4,Eliminacion,1.0
625,20.25,60.0,1360,768,Fortnite 2026.09.11 - 21.15.33.32.Eliminación.DVR.mp4,Eliminacion,1.0
626,20.05,60.0,1360,768,Fortnite 2026.09.11 - 21.15.49.33.Eliminado.DVR.mp4,Eliminado,0.0
627,15.42,60.0,1360,768,Fortnite 2026.09.11 - 21.18.05.34.Eliminación.DVR.mp4,Eliminacion,1.0
628,20.28,60.0,1360,768,Fortnite 2026.09.11 - 21.18.12.35.Eliminado.DVR.mp4,Eliminado,0.0
629,15.4,60.0,1360,768,Fortnite 2026.09.11 - 21.23.14.37.Eliminación.DVR.mp4,Eliminacion,1.0
630,20.15,60.0,1360,768,Fortnite 2026.09.11 - 21.23.47.38.Eliminación.DVR.mp4,Eliminacion,1.0
631,20.48,60.0,1360,768,Fortnite 2026.09.11 - 21.25.04.39.Eliminado.DVR.mp4,Eliminado,0.0
632,15.02,60.0,1360,768,Fortnite 2026.09.11 - 21.26.02.40.Eliminación doble.DVR.mp4,Eliminacion,1.0
633,24.43,60.0,1360,768,Fortnite 2026.09.11 - 21.27.11.41.Eliminación.DVR.mp4,Eliminacion,1.0
634,20.15,60.0,1360,768,Fortnite 2026.09.11 - 21.33.08.42.Victoria.DVR.mp4,Victoria,2.0
635,15.3,60.0,1360,768,Fortnite 2026.09.12 - 19.53.40.02.Eliminación.DVR.mp4,Eliminacion,1.0
636,20.22,60.0,1360,768,Fortnite 2026.09.12 - 19.54.07.03.Eliminación.DVR.mp4,Eliminacion,1.0
637,20.03,60.0,1360,768,Fortnite 2026.09.12 - 19.54.20.04.Eliminación.DVR.mp4,Eliminacion,1.0
638,20.33,60.0,1360,768,Fortnite 2026.09.12 - 19.54.40.05.Eliminación doble.DVR.mp4,Eliminacion,1.0
639,23.13,60.0,1360,768,Fortnite 2026.09.12 - 19.54.52.06.Eliminación.DVR.mp4,Eliminacion,1.0
640,20.12,60.0,1360,768,Fortnite 2026.09.12 - 19.55.24.07.Eliminación.DVR.mp4,Eliminacion,1.0
641,20.15,60.0,1360,768,Fortnite 2026.09.12 - 19.55.45.08.Eliminación doble.DVR.mp4,Eliminacion,1.0
642,21.0,60.0,1360,768,Fortnite 2026.09.12 - 19.56.26.09.Eliminación.DVR.mp4,Eliminacion,1.0
643,20.4,60.0,1360,768,Fortnite 2026.09.12 - 19.56.50.10.Eliminación.DVR.mp4,Eliminacion,1.0
644,20.0,60.0,1360,768,Fortnite 2026.09.12 - 19.58.27.11.Eliminación.DVR.mp4,Eliminacion,1.0
645,20.0,60.0,1360,768,Fortnite 2026.09.12 - 19.58.56.12.Eliminación.DVR.mp4,Eliminacion,1.0
646,20.13,60.0,1360,768,Fortnite 2026.09.12 - 19.59.48.13.Eliminación.DVR.mp4,Eliminacion,1.0
647,20.13,60.0,1360,768,Fortnite 2026.09.12 - 20.02.16.14.Eliminación.DVR.mp4,Eliminacion,1.0
648,20.0,60.0,1360,768,Fortnite 2026.09.12 - 20.03.18.15.Eliminación.DVR.mp4,Eliminacion,1.0
649,20.2,60.0,1360,768,Fortnite 2026.09.12 - 20.04.48.16.Eliminación.DVR.mp4,Eliminacion,1.0
650,20.02,60.0,1360,768,Fortnite 2026.09.12 - 20.04.51.17.Victoria.DVR.mp4,Victoria,2.0
651,15.28,60.0,1360,768,Fortnite 2026.09.12 - 20.11.41.19.Eliminación.DVR.mp4,Eliminacion,1.0
652,20.18,60.0,1360,768,Fortnite 2026.09.12 - 20.11.48.20.Eliminación.DVR.mp4,Eliminacion,1.0
653,20.38,60.0,1360,768,Fortnite 2026.09.12 - 20.12.03.21.Eliminación.DVR.mp4,Eliminacion,1.0
654,20.05,60.0,1360,768,Fortnite 2026.09.12 - 20.12.35.22.Eliminación.DVR.mp4,Eliminacion,1.0
655,20.42,60.0,1360,768,Fortnite 2026.09.12 - 20.13.14.23.Eliminación.DVR.mp4,Eliminacion,1.0
656,20.25,60.0,1360,768,Fortnite 2026.09.12 - 20.13.26.24.Eliminación doble.DVR.mp4,Eliminacion,1.0
657,24.12,60.0,1360,768,Fortnite 2026.09.12 - 20.13.37.25.Eliminación.DVR.mp4,Eliminacion,1.0
658,20.28,60.0,1360,768,Fortnite 2026.09.12 - 20.14.16.26.Eliminación doble.DVR.mp4,Eliminacion,1.0
659,23.2,60.0,1360,768,Fortnite 2026.09.12 - 20.16.04.27.Eliminación.DVR.mp4,Eliminacion,1.0
660,20.43,60.0,1360,768,Fortnite 2026.09.12 - 20.16.31.28.Eliminación.DVR.mp4,Eliminacion,1.0
661,20.2,60.0,1360,768,Fortnite 2026.09.12 - 20.20.35.29.Eliminación.DVR.mp4,Eliminacion,1.0
662,20.35,60.0,1360,768,Fortnite 2026.09.12 - 20.23.23.30.Eliminación.DVR.mp4,Eliminacion,1.0
663,20.13,60.0,1360,768,Fortnite 2026.09.15 - 10.26.47.02.Eliminación.DVR.mp4,Eliminacion,1.0
664,20.18,60.0,1360,768,Fortnite 2026.09.15 - 10.26.52.03.Eliminado.DVR.mp4,Eliminado,0.0
665,15.0,60.0,1360,768,Fortnite 2026.09.15 - 10.29.02.04.Eliminación.DVR.mp4,Eliminacion,1.0
666,20.42,60.0,1360,768,Fortnite 2026.09.15 - 10.29.46.05.Eliminación.DVR.mp4,Eliminacion,1.0
667,20.27,60.0,1360,768,Fortnite 2026.09.15 - 10.30.13.06.Eliminación.DVR.mp4,Eliminacion,1.0
668,20.22,60.0,1360,768,Fortnite 2026.09.15 - 10.31.24.07.Eliminación.DVR.mp4,Eliminacion,1.0
669,20.07,60.0,1360,768,Fortnite 2026.09.15 - 10.31.31.08.Eliminación.DVR.mp4,Eliminacion,1.0
670,20.28,60.0,1360,768,Fortnite 2026.09.15 - 10.32.08.09.Eliminación.DVR.mp4,Eliminacion,1.0
671,20.18,60.0,1360,768,Fortnite 2026.09.15 - 10.33.24.10.Eliminación.DVR.mp4,Eliminacion,1.0
672,20.23,60.0,1360,768,Fortnite 2026.09.15 - 10.33.29.11.Eliminación.DVR.mp4,Eliminacion,1.0
673,20.03,60.0,1360,768,Fortnite 2026.09.15 - 10.34.46.12.Eliminación.DVR.mp4,Eliminacion,1.0
674,20.33,60.0,1360,768,Fortnite 2026.09.15 - 10.35.30.13.Eliminación.DVR.mp4,Eliminacion,1.0
675,20.25,60.0,1360,768,Fortnite 2026.09.15 - 10.36.21.14.Eliminación.DVR.mp4,Eliminacion,1.0
676,20.32,60.0,1360,768,Fortnite 2026.09.15 - 10.40.33.15.Eliminado.DVR.mp4,Eliminado,0.0
677,15.07,60.0,1360,768,Fortnite 2026.09.15 - 10.44.26.17.Eliminación.DVR.mp4,Eliminacion,1.0
678,20.42,60.0,1360,768,Fortnite 2026.09.15 - 10.45.11.18.Eliminación.DVR.mp4,Eliminacion,1.0
679,20.3,60.0,1360,768,Fortnite 2026.09.15 - 10.46.48.19.Eliminación doble.DVR.mp4,Eliminacion,1.0
680,24.3,60.0,1360,768,Fortnite 2026.09.15 - 10.46.55.20.Eliminación.DVR.mp4,Eliminacion,1.0
681,20.18,60.0,1360,768,Fortnite 2026.09.15 - 10.48.50.21.Eliminación.DVR.mp4,Eliminacion,1.0
682,20.03,60.0,1360,768,Fortnite 2026.09.15 - 10.50.03.22.Eliminación.DVR.mp4,Eliminacion,1.0
683,20.38,60.0,1360,768,Fortnite 2026.09.15 - 10.50.13.23.Eliminación.DVR.mp4,Eliminacion,1.0
684,20.43,60.0,1360,768,Fortnite 2026.09.15 - 10.51.06.24.Eliminación.DVR.mp4,Eliminacion,1.0
685,20.15,60.0,1360,768,Fortnite 2026.09.15 - 10.51.28.25.Eliminación.DVR.mp4,Eliminacion,1.0
686,20.32,60.0,1360,768,Fortnite 2026.09.15 - 10.52.01.26.Eliminación.DVR.mp4,Eliminacion,1.0
687,20.4,60.0,1360,768,Fortnite 2026.09.15 - 10.52.10.27.Eliminado.DVR.mp4,Eliminado,0.0
688,15.43,60.0,1360,768,Fortnite 2026.09.15 - 10.54.17.28.Eliminación.DVR.mp4,Eliminacion,1.0
689,20.18,60.0,1360,768,Fortnite 2026.09.15 - 10.56.21.29.Eliminado.DVR.mp4,Eliminado,0.0
690,15.32,60.0,1360,768,Fortnite 2026.09.15 - 11.01.55.31.Eliminación.DVR.mp4,Eliminacion,1.0
691,20.1,60.0,1360,768,Fortnite 2026.09.15 - 11.02.04.32.Eliminación.DVR.mp4,Eliminacion,1.0
692,20.08,60.0,1360,768,Fortnite 2026.09.15 - 11.02.14.33.Eliminado.DVR.mp4,Eliminado,0.0
693,15.38,60.0,1360,768,Fortnite 2026.09.15 - 11.02.53.34.Eliminación.DVR.mp4,Eliminacion,1.0
694,20.35,60.0,1360,768,Fortnite 2026.09.15 - 11.02.58.35.Eliminación.DVR.mp4,Eliminacion,1.0
695,20.47,60.0,1360,768,Fortnite 2026.09.15 - 11.03.58.36.Eliminación.DVR.mp4,Eliminacion,1.0
696,20.17,60.0,1360,768,Fortnite 2026.09.15 - 11.04.10.37.Eliminación.DVR.mp4,Eliminacion,1.0
697,20.3,60.0,1360,768,Fortnite 2026.09.15 - 11.04.24.38.Eliminado.DVR.mp4,Eliminado,0.0
698,15.1,60.0,1360,768,Fortnite 2026.09.15 - 11.04.50.39.Eliminación.DVR.mp4,Eliminacion,1.0
699,20.17,60.0,1360,768,Fortnite 2026.09.15 - 11.04.56.40.Eliminación.DVR.mp4,Eliminacion,1.0
700,20.35,60.0,1360,768,Fortnite 2026.09.15 - 11.06.41.41.Eliminación.DVR.mp4,Eliminacion,1.0
701,20.3,60.0,1360,768,Fortnite 2026.09.15 - 11.09.31.42.Eliminación.DVR.mp4,Eliminacion,1.0
702,20.22,60.0,1360,768,Fortnite 2026.09.15 - 11.10.44.43.Eliminación.DVR.mp4,Eliminacion,1.0
703,20.37,60.0,1360,768,Fortnite 2026.09.15 - 11.13.26.44.Eliminado.DVR.mp4,Eliminado,0.0
704,15.45,60.0,1360,768,Fortnite 2026.09.15 - 12.51.45.03.Eliminación.DVR.mp4,Eliminacion,1.0
705,20.3,60.0,1360,768,Fortnite 2026.09.15 - 12.52.07.04.Eliminación.DVR.mp4,Eliminacion,1.0
706,20.22,60.0,1360,768,Fortnite 2026.09.15 - 12.52.13.05.Eliminación.DVR.mp4,Eliminacion,1.0
707,20.02,60.0,1360,768,Fortnite 2026.09.15 - 12.52.24.06.Eliminación.DVR.mp4,Eliminacion,1.0
708,20.38,60.0,1360,768,Fortnite 2026.09.15 - 12.53.29.07.Eliminación.DVR.mp4,Eliminacion,1.0
709,20.12,60.0,1360,768,Fortnite 2026.09.15 - 12.54.31.08.Eliminación.DVR.mp4,Eliminacion,1.0
710,20.05,60.0,1360,768,Fortnite 2026.09.15 - 12.55.07.09.Eliminación.DVR.mp4,Eliminacion,1.0
711,20.3,60.0,1360,768,Fortnite 2026.09.15 - 12.56.08.10.Eliminado.DVR.mp4,Eliminado,0.0
712,15.4,60.0,1360,768,Fortnite 2026.09.15 - 12.57.44.11.Eliminación.DVR.mp4,Eliminacion,1.0
713,20.2,60.0,1360,768,Fortnite 2026.09.15 - 13.02.43.12.Eliminado.DVR.mp4,Eliminado,0.0
714,15.05,60.0,1360,768,Fortnite 2026.09.15 - 13.05.45.14.Eliminación.DVR.mp4,Eliminacion,1.0
715,20.32,60.0,1360,768,Fortnite 2026.09.15 - 13.07.36.15.Eliminación doble.DVR.mp4,Eliminacion,1.0
716,24.22,60.0,1360,768,Fortnite 2026.09.15 - 13.07.47.16.Eliminación.DVR.mp4,Eliminacion,1.0
717,20.05,60.0,1360,768,Fortnite 2026.09.15 - 13.08.19.17.Eliminación.DVR.mp4,Eliminacion,1.0
718,20.42,60.0,1360,768,Fortnite 2026.09.15 - 13.10.19.18.Eliminación.DVR.mp4,Eliminacion,1.0
719,20.18,60.0,1360,768,Fortnite 2026.09.15 - 13.10.47.19.Eliminación.DVR.mp4,Eliminacion,1.0
720,20.15,60.0,1360,768,Fortnite 2026.09.15 - 13.10.49.20.Eliminado.DVR.mp4,Eliminado,0.0
721,15.4,60.0,1360,768,Fortnite 2026.09.15 - 13.13.50.21.Eliminado.DVR.mp4,Eliminado,0.0
722,15.4,60.0,1360,768,Fortnite 2026.09.15 - 13.14.11.22.Eliminado.DVR.mp4,Eliminado,0.0
723,15.02,60.0,1360,768,Fortnite 2026.09.15 - 13.21.32.24.Eliminación.DVR.mp4,Eliminacion,1.0
724,20.12,60.0,1360,768,Fortnite 2026.09.15 - 13.22.02.25.Eliminación.DVR.mp4,Eliminacion,1.0
725,20.5,60.0,1360,768,Fortnite 2026.09.15 - 13.22.13.26.Eliminación.DVR.mp4,Eliminacion,1.0
726,20.2,60.0,1360,768,Fortnite 2026.09.15 - 13.22.34.27.Eliminación doble.DVR.mp4,Eliminacion,1.0
727,24.02,60.0,1360,768,Fortnite 2026.09.15 - 13.23.40.28.Eliminación.DVR.mp4,Eliminacion,1.0
728,20.23,60.0,1360,768,Fortnite 2026.09.15 - 13.24.34.29.Eliminación.DVR.mp4,Eliminacion,1.0
729,20.35,60.0,1360,768,Fortnite 2026.09.15 - 13.25.02.30.Eliminación.DVR.mp4,Eliminacion,1.0
730,20.33,60.0,1360,768,Fortnite 2026.09.15 - 13.27.04.31.Eliminación.DVR.mp4,Eliminacion,1.0
731,20.4,60.0,1360,768,Fortnite 2026.09.15 - 13.27.16.32.Eliminación.DVR.mp4,Eliminacion,1.0
732,20.38,60.0,1360,768,Fortnite 2026.09.15 - 13.29.11.33.Eliminado.DVR.mp4,Eliminado,0.0
733,15.4,60.0,1360,768,Fortnite 2026.09.15 - 13.29.55.34.Eliminación.DVR.mp4,Eliminacion,1.0
734,20.37,60.0,1360,768,Fortnite 2026.09.15 - 13.31.50.35.Eliminado.DVR.mp4,Eliminado,0.0
735,14.02,60.0,1360,768,Fortnite 2026.09.15 - 13.37.39.37.Eliminado.DVR.mp4,Eliminado,0.0
736,15.32,60.0,1360,768,Fortnite 2026.09.15 - 13.39.34.38.Eliminado.DVR.mp4,Eliminado,0.0
737,15.0,60.0,1360,768,Fortnite 2026.09.15 - 13.40.01.39.Eliminado.DVR.mp4,Eliminado,0.0
738,14.58,60.0,1360,768,Fortnite 2026.09.15 - 21.37.04.12.Eliminado.DVR.mp4,Eliminado,0.0
739,15.48,60.0,1360,768,Fortnite 2026.09.15 - 21.37.43.13.Eliminado.DVR.mp4,Eliminado,0.0
740,15.27,60.0,1360,768,Fortnite 2026.09.15 - 21.44.33.14.Eliminación.DVR.mp4,Eliminacion,1.0
741,20.45,60.0,1360,768,Fortnite 2026.09.15 - 21.47.26.15.Eliminado.DVR.mp4,Eliminado,0.0
742,14.3,60.0,1360,768,Fortnite 2026.09.15 - 21.50.51.17.Eliminación.DVR.mp4,Eliminacion,1.0
743,20.32,60.0,1360,768,Fortnite 2026.09.15 - 21.51.08.18.Eliminación.DVR.mp4,Eliminacion,1.0
744,20.3,60.0,1360,768,Fortnite 2026.09.15 - 21.52.39.19.Eliminación.DVR.mp4,Eliminacion,1.0
745,20.28,60.0,1360,768,Fortnite 2026.09.15 - 21.53.32.20.Eliminación.DVR.mp4,Eliminacion,1.0
746,20.02,60.0,1360,768,Fortnite 2026.09.15 - 21.55.18.21.Eliminación.DVR.mp4,Eliminacion,1.0
747,20.28,60.0,1360,768,Fortnite 2026.09.15 - 21.56.51.22.Eliminación.DVR.mp4,Eliminacion,1.0
748,20.15,60.0,1360,768,Fortnite 2026.09.15 - 21.58.00.23.Eliminación.DVR.mp4,Eliminacion,1.0
749,20.03,60.0,1360,768,Fortnite 2026.09.15 - 21.59.31.24.Eliminación.DVR.mp4,Eliminacion,1.0
750,20.25,60.0,1360,768,Fortnite 2026.09.15 - 22.00.39.25.Eliminado.DVR.mp4,Eliminado,0.0
751,14.48,60.0,1360,768,,,
