size,sha256,paths,count
440052,325c6818578390217c2a6a9a20400e97cf48c53810d66b37a78d04f12e9d1f73,"[""F:\\Cursos\\Ciencia de Datos\\Modulo 5\\CODIGOS\\Proyecto Fotnite\\VIDEOS\\FRAMES\\video_0069\\video_0069_frame_06.jpg"", ""F:\\Cursos\\Ciencia de Datos\\Modulo 5\\CODIGOS\\Proyecto Fotnite\\VIDEOS\\FRAMES\\video_0070\\video_0070_frame_02.jpg""]",2
378568,4c92a639c363385136ff2f31ea0819851d88f1cc3d29a3c578ca26a3af8dfce1,"[""F:\\Cursos\\Ciencia de Datos\\Modulo 5\\CODIGOS\\Proyecto Fotnite\\VIDEOS\\FRAMES\\video_0400\\video_0400_frame_06.jpg"", ""F:\\Cursos\\Ciencia de Datos\\Modulo 5\\CODIGOS\\Proyecto Fotnite\\VIDEOS\\FRAMES\\video_0401\\video_0401_frame_04.jpg""]",2
47431,eefe64766b148366ae837b020df75ed582fb79a9b7ac6e3c5555aff8a94f6ac2,"[""F:\\Cursos\\Ciencia de Datos\\Modulo 5\\CODIGOS\\Proyecto Fotnite\\VIDEOS\\MAPA\\video_0001\\video_0001_mapa_15.jpg"", ""F:\\Cursos\\Ciencia de Datos\\Modulo 5\\CODIGOS\\Proyecto Fotnite\\VIDEOS\\MAPA\\video_0342\\video_0342_mapa_06.jpg""]",2
26122,55d3696b12aa8fdfea428a6b2bcb92b776abe096a39667342180a78d17fa99f0,"[""F:\\Cursos\\Ciencia de Datos\\Modulo 5\\CODIGOS\\Proyecto Fotnite\\VIDEOS\\MAPA\\video_0009\\video_0009_mapa_15.jpg"", ""F:\\Cursos\\Ciencia de Datos\\Modulo 5\\CODIGOS\\Proyecto Fotnite\\VIDEOS\\MAPA\\video_0010\\video_0010_mapa_10.jpg""]",2
38791,e80b82b4b047abe7ab833776fd3e424d63fdc4fcf9676b7e4689929816c8e768,"[""F:\\Cursos\\Ciencia de Datos\\Modulo 5\\CODIGOS\\Proyecto Fotnite\\VIDEOS\\INVENTARIO\\video_0139\\video_0139_inventario_14.jpg"", ""F:\\Cursos\\Ciencia de Datos\\Modulo 5\\CODIGOS\\Proyecto Fotnite\\VIDEOS\\INVENTARIO\\video_0140\\video_0140_inventario_01.jpg""]",2
33923,bdfad46d7276e0205b855be64b14b21f164a964fa8f2e15b960ab3a4e5dc70d3,"[""F:\\Cursos\\Ciencia de Datos\\Modulo 5\\CODIGOS\\Proyecto Fotnite\\VIDEOS\\MAPA\\video_0052\\video_0052_mapa_11.jpg"", ""F:\\Cursos\\Ciencia de Datos\\Modulo 5\\CODIGOS\\Proyecto Fotnite\\VIDEOS\\MAPA\\video_0053\\video_0053_mapa_03.jpg""]",2
40040,faa0350ff06c68d76f6a804d019f2c1b66fb6fcf9b88638b1fc51ee1c75185bf,"[""F:\\Cursos\\Ciencia de Datos\\Modulo 5\\CODIGOS\\Proyecto Fotnite\\VIDEOS\\MAPA\\video_0086\\video_0086_mapa_19.jpg"", ""F:\\Cursos\\Ciencia de Datos\\Modulo 5\\CODIGOS\\Proyecto Fotnite\\VIDEOS\\MAPA\\video_0087\\video_0087_mapa_12.jpg""]",2
36101,24e09b54e5ae7a6c02fa034f073a36653b17369fb02278ed127b9c9c5311aa4a,"[""F:\\Cursos\\Ciencia de Datos\\Modulo 5\\CODIGOS\\Proyecto Fotnite\\VIDEOS\\MAPA\\video_0093\\video_0093_mapa_12.jpg"", ""F:\\Cursos\\Ciencia de Datos\\Modulo 5\\CODIGOS\\Proyecto Fotnite\\VIDEOS\\MAPA\\video_0094\\video_0094_mapa_03.jpg""]",2
42988,51b3bbf199c4f0beca99ffd1e6941ac0a453aeb301a3c11562b6db3490a34512,"[""F:\\Cursos\\Ciencia de Datos\\Modulo 5\\CODIGOS\\Proyecto Fotnite\\VIDEOS\\INVENTARIO\\video_0086\\video_0086_inventario_19.jpg"", ""F:\\Cursos\\Ciencia de Datos\\Modulo 5\\CODIGOS\\Proyecto Fotnite\\VIDEOS\\INVENTARIO\\video_0087\\video_0087_inventario_12.jpg""]",2
39982,c3796d5e0c9ef0b369c0759d203c41b5976705e25a8a5ab1673e64320ea3cd03,"[""F:\\Cursos\\Ciencia de Datos\\Modulo 5\\CODIGOS\\Proyecto Fotnite\\VIDEOS\\VIDA\\video_0001\\video_0001_vida_15.jpg"", ""F:\\Cursos\\Ciencia de Datos\\Modulo 5\\CODIGOS\\Proyecto Fotnite\\VIDEOS\\VIDA\\video_0342\\video_0342_vida_06.jpg""]",2
2325,146fdea75f89a9ecd967701d5a5ddbf4a2dbc9bef482d6c1d45fdcabdf1d789d,"[""F:\\Cursos\\Ciencia de Datos\\Modulo 5\\CODIGOS\\Proyecto Fotnite\\VIDEOS\\MAPA\\video_0126\\video_0126_mapa_20.jpg"", ""F:\\Cursos\\Ciencia de Datos\\Modulo 5\\CODIGOS\\Proyecto Fotnite\\VIDEOS\\MAPA\\video_0445\\video_0445_mapa_20.jpg"", ""F:\\Cursos\\Ciencia de Datos\\Modulo 5\\CODIGOS\\Proyecto Fotnite\\VIDEOS\\MAPA\\video_0448\\video_0448_mapa_20.jpg"", ""F:\\Cursos\\Ciencia de Datos\\Modulo 5\\CODIGOS\\Proyecto Fotnite\\VIDEOS\\MAPA\\video_0474\\video_0474_mapa_20.jpg"", ""F:\\Cursos\\Ciencia de Datos\\Modulo 5\\CODIGOS\\Proyecto Fotnite\\VIDEOS\\MAPA\\video_0562\\video_0562_mapa_20.jpg"", ""F:\\Cursos\\Ciencia de Datos\\Modulo 5\\CODIGOS\\Proyecto Fotnite\\VIDEOS\\MAPA\\video_0617\\video_0617_mapa_20.jpg"", ""F:\\Cursos\\Ciencia de Datos\\Modulo 5\\CODIGOS\\Proyecto Fotnite\\VIDEOS\\MAPA\\video_0621\\video_0621_mapa_20.jpg"", ""F:\\Cursos\\Ciencia de Datos\\Modulo 5\\CODIGOS\\Proyecto Fotnite\\VIDEOS\\MAPA\\video_0632\\video_0632_mapa_20.jpg"", ""F:\\Cursos\\Ciencia de Datos\\Modulo 5\\CODIGOS\\Proyecto Fotnite\\VIDEOS\\MAPA\\video_0698\\video_0698_mapa_20.jpg"", ""F:\\Cursos\\Ciencia de Datos\\Modulo 5\\CODIGOS\\Proyecto Fotnite\\VIDEOS\\MAPA\\video_0712\\video_0712_mapa_20.jpg"", ""F:\\Cursos\\Ciencia de Datos\\Modulo 5\\CODIGOS\\Proyecto Fotnite\\VIDEOS\\MAPA\\video_0722\\video_0722_mapa_20.jpg"", ""F:\\Cursos\\Ciencia de Datos\\Modulo 5\\CODIGOS\\Proyecto Fotnite\\VIDEOS\\MAPA\\video_0740\\video_0740_mapa_20.jpg""]",12
2325,d8578d2e6c27d43d93b96bc33cbe96c7ae3252134ae6ca91fc09dd8909ac41a2,"[""F:\\Cursos\\Ciencia de Datos\\Modulo 5\\CODIGOS\\Proyecto Fotnite\\VIDEOS\\MAPA\\video_0426\\video_0426_mapa_20.jpg"", ""F:\\Cursos\\Ciencia de Datos\\Modulo 5\\CODIGOS\\Proyecto Fotnite\\VIDEOS\\MAPA\\video_0450\\video_0450_mapa_20.jpg"", ""F:\\Cursos\\Ciencia de Datos\\Modulo 5\\CODIGOS\\Proyecto Fotnite\\VIDEOS\\MAPA\\video_0452\\video_0452_mapa_20.jpg"", ""F:\\Cursos\\Ciencia de Datos\\Modulo 5\\CODIGOS\\Proyecto Fotnite\\VIDEOS\\MAPA\\video_0462\\video_0462_mapa_20.jpg"", ""F:\\Cursos\\Ciencia de Datos\\Modulo 5\\CODIGOS\\Proyecto Fotnite\\VIDEOS\\MAPA\\video_0478\\video_0478_mapa_20.jpg"", ""F:\\Cursos\\Ciencia de Datos\\Modulo 5\\CODIGOS\\Proyecto Fotnite\\VIDEOS\\MAPA\\video_0479\\video_0479_mapa_20.jpg"", ""F:\\Cursos\\Ciencia de Datos\\Modulo 5\\CODIGOS\\Proyecto Fotnite\\VIDEOS\\MAPA\\video_0693\\video_0693_mapa_20.jpg"", ""F:\\Cursos\\Ciencia de Datos\\Modulo 5\\CODIGOS\\Proyecto Fotnite\\VIDEOS\\MAPA\\video_0736\\video_0736_mapa_20.jpg"", ""F:\\Cursos\\Ciencia de Datos\\Modulo 5\\CODIGOS\\Proyecto Fotnite\\VIDEOS\\MAPA\\video_0739\\video_0739_mapa_20.jpg""]",9
2325,f844c16294898e783b0209b8b254a7057f13d09d1307c1e89bc3f0eefeca2dd8,"[""F:\\Cursos\\Ciencia de Datos\\Modulo 5\\CODIGOS\\Proyecto Fotnite\\VIDEOS\\MAPA\\video_0563\\video_0563_mapa_20.jpg"", ""F:\\Cursos\\Ciencia de Datos\\Modulo 5\\CODIGOS\\Proyecto Fotnite\\VIDEOS\\MAPA\\video_0598\\video_0598_mapa_20.jpg"", ""F:\\Cursos\\Ciencia de Datos\\Modulo 5\\CODIGOS\\Proyecto Fotnite\\VIDEOS\\MAPA\\video_0721\\video_0721_mapa_20.jpg""]",3
39005,0d493425f8cb4468e20514f13433158b1f3388e0568786da1c93ff92ac1fc6d1,"[""F:\\Cursos\\Ciencia de Datos\\Modulo 5\\CODIGOS\\Proyecto Fotnite\\VIDEOS\\MAPA\\video_0139\\video_0139_mapa_14.jpg"", ""F:\\Cursos\\Ciencia de Datos\\Modulo 5\\CODIGOS\\Proyecto Fotnite\\VIDEOS\\MAPA\\video_0140\\video_0140_mapa_01.jpg""]",2
40910,1d2462f118ebf84c5efeffe5d3f71d8d4a3f24ecf36c3a9b7e15e11994d4b920,"[""F:\\Cursos\\Ciencia de Datos\\Modulo 5\\CODIGOS\\Proyecto Fotnite\\VIDEOS\\MAPA\\video_0143\\video_0143_mapa_20.jpg"", ""F:\\Cursos\\Ciencia de Datos\\Modulo 5\\CODIGOS\\Proyecto Fotnite\\VIDEOS\\MAPA\\video_0144\\video_0144_mapa_11.jpg""]",2
39627,030c78258f73ea3b5070bfc7924eec92d53b688a8bf502fe959ea389265c7f57,"[""F:\\Cursos\\Ciencia de Datos\\Modulo 5\\CODIGOS\\Proyecto Fotnite\\VIDEOS\\VIDA\\video_0093\\video_0093_vida_12.jpg"", ""F:\\Cursos\\Ciencia de Datos\\Modulo 5\\CODIGOS\\Proyecto Fotnite\\VIDEOS\\VIDA\\video_0094\\video_0094_vida_03.jpg""]",2
21983,e28ad8143ed7e2317172df30574122a1a37b2c51d0e2eba73926473d4083551e,"[""F:\\Cursos\\Ciencia de Datos\\Modulo 5\\CODIGOS\\Proyecto Fotnite\\VIDEOS\\MAPA\\video_0206\\video_0206_mapa_20.jpg"", ""F:\\Cursos\\Ciencia de Datos\\Modulo 5\\CODIGOS\\Proyecto Fotnite\\VIDEOS\\MAPA\\video_0387\\video_0387_mapa_20.jpg"", ""F:\\Cursos\\Ciencia de Datos\\Modulo 5\\CODIGOS\\Proyecto Fotnite\\VIDEOS\\MAPA\\video_0405\\video_0405_mapa_20.jpg"", ""F:\\Cursos\\Ciencia de Datos\\Modulo 5\\CODIGOS\\Proyecto Fotnite\\VIDEOS\\MAPA\\video_0751\\video_0751_mapa_20.jpg""]",4
50090,e7667cbb5b1ba5db0e446b05acdc5202fa4ac79d39fb3a46b700d79bff047bcf,"[""F:\\Cursos\\Ciencia de Datos\\Modulo 5\\CODIGOS\\Proyecto Fotnite\\VIDEOS\\INVENTARIO\\video_0093\\video_0093_inventario_12.jpg"", ""F:\\Cursos\\Ciencia de Datos\\Modulo 5\\CODIGOS\\Proyecto Fotnite\\VIDEOS\\INVENTARIO\\video_0094\\video_0094_inventario_03.jpg""]",2
41407,80db6ef04ae28b021a9a049a43c1201dfc9cdd0fd24fdb58ecab59c0ccc3f47d,"[""F:\\Cursos\\Ciencia de Datos\\Modulo 5\\CODIGOS\\Proyecto Fotnite\\VIDEOS\\MAPA\\video_0233\\video_0233_mapa_08.jpg"", ""F:\\Cursos\\Ciencia de Datos\\Modulo 5\\CODIGOS\\Proyecto Fotnite\\VIDEOS\\MAPA\\video_0234\\video_0234_mapa_03.jpg""]",2
37486,483072ccd5c317c4b80a52b74759d1e1236eac31f43e547d59a503829b034ba6,"[""F:\\Cursos\\Ciencia de Datos\\Modulo 5\\CODIGOS\\Proyecto Fotnite\\VIDEOS\\MAPA\\video_0233\\video_0233_mapa_18.jpg"", ""F:\\Cursos\\Ciencia de Datos\\Modulo 5\\CODIGOS\\Proyecto Fotnite\\VIDEOS\\MAPA\\video_0234\\video_0234_mapa_13.jpg""]",2
40981,6ec2dffe69a4797caa356be725be454c6ae9594b7c2537111b69c622ecf07cd2,"[""F:\\Cursos\\Ciencia de Datos\\Modulo 5\\CODIGOS\\Proyecto Fotnite\\VIDEOS\\MAPA\\video_0241\\video_0241_mapa_12.jpg"", ""F:\\Cursos\\Ciencia de Datos\\Modulo 5\\CODIGOS\\Proyecto Fotnite\\VIDEOS\\MAPA\\video_0242\\video_0242_mapa_02.jpg""]",2
50496,96ae555b46f773cb15e451ab4d8a53b5c767120716a61b41d99b8e31f122d640,"[""F:\\Cursos\\Ciencia de Datos\\Modulo 5\\CODIGOS\\Proyecto Fotnite\\VIDEOS\\VIDA\\video_0241\\video_0241_vida_12.jpg"", ""F:\\Cursos\\Ciencia de Datos\\Modulo 5\\CODIGOS\\Proyecto Fotnite\\VIDEOS\\VIDA\\video_0242\\video_0242_vida_02.jpg""]",2
49226,e0c1c4757a2f6e7ae9788b4ff1c67f62f6422a541f2f7829ad973e65bb1acffc,"[""F:\\Cursos\\Ciencia de Datos\\Modulo 5\\CODIGOS\\Proyecto Fotnite\\VIDEOS\\INVENTARIO\\video_0451\\video_0451_inventario_20.jpg"", ""F:\\Cursos\\Ciencia de Datos\\Modulo 5\\CODIGOS\\Proyecto Fotnite\\VIDEOS\\INVENTARIO\\video_0518\\video_0518_inventario_20.jpg""]",2
45567,f026441b09a09dd4323dc09888beb4807a62f7929e7f19ebcde155da2b0ac20e,"[""F:\\Cursos\\Ciencia de Datos\\Modulo 5\\CODIGOS\\Proyecto Fotnite\\VIDEOS\\MAPA\\video_0403\\video_0403_mapa_18.jpg"", ""F:\\Cursos\\Ciencia de Datos\\Modulo 5\\CODIGOS\\Proyecto Fotnite\\VIDEOS\\MAPA\\video_0404\\video_0404_mapa_09.jpg""]",2
36778,288ef6c960cfcf39f58add8b1ea74c3708808c00acbeae5e21923ac972f2d54c,"[""F:\\Cursos\\Ciencia de Datos\\Modulo 5\\CODIGOS\\Proyecto Fotnite\\VIDEOS\\INVENTARIO\\video_0009\\video_0009_inventario_15.jpg"", ""F:\\Cursos\\Ciencia de Datos\\Modulo 5\\CODIGOS\\Proyecto Fotnite\\VIDEOS\\INVENTARIO\\video_0010\\video_0010_inventario_10.jpg""]",2
40083,123281780b5abd2c562d73577f21c8e1a2906bda7088d78b5c4e58e9dd295093,"[""F:\\Cursos\\Ciencia de Datos\\Modulo 5\\CODIGOS\\Proyecto Fotnite\\VIDEOS\\MAPA\\video_0430\\video_0430_mapa_20.jpg"", ""F:\\Cursos\\Ciencia de Datos\\Modulo 5\\CODIGOS\\Proyecto Fotnite\\VIDEOS\\MAPA\\video_0431\\video_0431_mapa_12.jpg""]",2
33819,a14d8ce507c3c72edaeeeb5a7479cb752e2982b70978534a054732e5af7a2072,"[""F:\\Cursos\\Ciencia de Datos\\Modulo 5\\CODIGOS\\Proyecto Fotnite\\VIDEOS\\MAPA\\video_0725\\video_0725_mapa_16.jpg"", ""F:\\Cursos\\Ciencia de Datos\\Modulo 5\\CODIGOS\\Proyecto Fotnite\\VIDEOS\\MAPA\\video_0726\\video_0726_mapa_05.jpg""]",2
39316,e6a57560d352b0e79874cd9c38d83c35eee304772155b3e3d430f857a8b3f858,"[""F:\\Cursos\\Ciencia de Datos\\Modulo 5\\CODIGOS\\Proyecto Fotnite\\VIDEOS\\MAPA\\video_0638\\video_0638_mapa_19.jpg"", ""F:\\Cursos\\Ciencia de Datos\\Modulo 5\\CODIGOS\\Proyecto Fotnite\\VIDEOS\\MAPA\\video_0639\\video_0639_mapa_02.jpg""]",2
21976,951ad8248989c3b99bc31994bf9e856619b1b69ee03e0a0bffe79f67ba5df7e7,"[""F:\\Cursos\\Ciencia de Datos\\Modulo 5\\CODIGOS\\Proyecto Fotnite\\VIDEOS\\MAPA\\video_0451\\video_0451_mapa_20.jpg"", ""F:\\Cursos\\Ciencia de Datos\\Modulo 5\\CODIGOS\\Proyecto Fotnite\\VIDEOS\\MAPA\\video_0518\\video_0518_mapa_20.jpg"", ""F:\\Cursos\\Ciencia de Datos\\Modulo 5\\CODIGOS\\Proyecto Fotnite\\VIDEOS\\MAPA\\video_0549\\video_0549_mapa_20.jpg""]",3
35050,fea6092c3044bde93fb340018a664725743a87ebc2cd6c97e5d453e406511da7,"[""F:\\Cursos\\Ciencia de Datos\\Modulo 5\\CODIGOS\\Proyecto Fotnite\\VIDEOS\\MAPA\\video_0600\\video_0600_mapa_19.jpg"", ""F:\\Cursos\\Ciencia de Datos\\Modulo 5\\CODIGOS\\Proyecto Fotnite\\VIDEOS\\MAPA\\video_0601\\video_0601_mapa_09.jpg""]",2
2327,4cda8cf2adde2daa556fd124640185aae04007694ff96f5f2781c44e09b2dec1,"[""F:\\Cursos\\Ciencia de Datos\\Modulo 5\\CODIGOS\\Proyecto Fotnite\\VIDEOS\\MAPA\\video_0605\\video_0605_mapa_19.jpg"", ""F:\\Cursos\\Ciencia de Datos\\Modulo 5\\CODIGOS\\Proyecto Fotnite\\VIDEOS\\MAPA\\video_0605\\video_0605_mapa_20.jpg""]",2
2324,726dc2b40072ebe5063346e3f521cfe20db1296947522dda91e42a91207a3199,"[""F:\\Cursos\\Ciencia de Datos\\Modulo 5\\CODIGOS\\Proyecto Fotnite\\VIDEOS\\MAPA\\video_0465\\video_0465_mapa_20.jpg"", ""F:\\Cursos\\Ciencia de Datos\\Modulo 5\\CODIGOS\\Proyecto Fotnite\\VIDEOS\\MAPA\\video_0553\\video_0553_mapa_20.jpg""]",2
31519,63a48bc697b816c878b86a956817e73b25f05b412e0dd189eb4e274bc8e2829b,"[""F:\\Cursos\\Ciencia de Datos\\Modulo 5\\CODIGOS\\Proyecto Fotnite\\VIDEOS\\INVENTARIO\\video_0638\\video_0638_inventario_19.jpg"", ""F:\\Cursos\\Ciencia de Datos\\Modulo 5\\CODIGOS\\Proyecto Fotnite\\VIDEOS\\INVENTARIO\\video_0639\\video_0639_inventario_02.jpg""]",2
36639,072ea9a9d18c9d30be76af0ec45e82cd5a078670f58a0a12c2514cacf1961af3,"[""F:\\Cursos\\Ciencia de Datos\\Modulo 5\\CODIGOS\\Proyecto Fotnite\\VIDEOS\\MAPA\\video_0497\\video_0497_mapa_20.jpg"", ""F:\\Cursos\\Ciencia de Datos\\Modulo 5\\CODIGOS\\Proyecto Fotnite\\VIDEOS\\MAPA\\video_0498\\video_0498_mapa_05.jpg""]",2
2323,048d5988900ba43277feb27a82c95c2b4a6bace57acb91e7929ac050ae4bcb30,"[""F:\\Cursos\\Ciencia de Datos\\Modulo 5\\CODIGOS\\Proyecto Fotnite\\VIDEOS\\MAPA\\video_0514\\video_0514_mapa_20.jpg"", ""F:\\Cursos\\Ciencia de Datos\\Modulo 5\\CODIGOS\\Proyecto Fotnite\\VIDEOS\\MAPA\\video_0516\\video_0516_mapa_20.jpg"", ""F:\\Cursos\\Ciencia de Datos\\Modulo 5\\CODIGOS\\Proyecto Fotnite\\VIDEOS\\MAPA\\video_0568\\video_0568_mapa_20.jpg"", ""F:\\Cursos\\Ciencia de Datos\\Modulo 5\\CODIGOS\\Proyecto Fotnite\\VIDEOS\\MAPA\\video_0623\\video_0623_mapa_20.jpg""]",4
31851,1fd81c8274c88cddc95967c0164a6082cd6044e282f3a49f08d10ccb5b8f7530,"[""F:\\Cursos\\Ciencia de Datos\\Modulo 5\\CODIGOS\\Proyecto Fotnite\\VIDEOS\\MAPA\\video_0533\\video_0533_mapa_09.jpg"", ""F:\\Cursos\\Ciencia de Datos\\Modulo 5\\CODIGOS\\Proyecto Fotnite\\VIDEOS\\MAPA\\video_0534\\video_0534_mapa_02.jpg""]",2
34868,701285a241b868eae34e9f357765bbc4d67fdafaf1f8638ffafc2a47f6ded87f,"[""F:\\Cursos\\Ciencia de Datos\\Modulo 5\\CODIGOS\\Proyecto Fotnite\\VIDEOS\\MAPA\\video_0550\\video_0550_mapa_12.jpg"", ""F:\\Cursos\\Ciencia de Datos\\Modulo 5\\CODIGOS\\Proyecto Fotnite\\VIDEOS\\MAPA\\video_0551\\video_0551_mapa_06.jpg""]",2
39489,0c036bffcb194f6df8c892531d6b4642bdeec813cdb3af32e659389be2939741,"[""F:\\Cursos\\Ciencia de Datos\\Modulo 5\\CODIGOS\\Proyecto Fotnite\\VIDEOS\\INVENTARIO\\video_0052\\video_0052_inventario_11.jpg"", ""F:\\Cursos\\Ciencia de Datos\\Modulo 5\\CODIGOS\\Proyecto Fotnite\\VIDEOS\\INVENTARIO\\video_0053\\video_0053_inventario_03.jpg""]",2
30335,bb002fca0b8a222784e3a2ecbe2383bae37640a70c5aa158056a12b4d8a97240,"[""F:\\Cursos\\Ciencia de Datos\\Modulo 5\\CODIGOS\\Proyecto Fotnite\\VIDEOS\\MAPA\\video_0652\\video_0652_mapa_18.jpg"", ""F:\\Cursos\\Ciencia de Datos\\Modulo 5\\CODIGOS\\Proyecto Fotnite\\VIDEOS\\MAPA\\video_0653\\video_0653_mapa_12.jpg""]",2
2329,597b7b19ed90309aa109062d341edb614bfd1f4248af2e37421b8cca63d36610,"[""F:\\Cursos\\Ciencia de Datos\\Modulo 5\\CODIGOS\\Proyecto Fotnite\\VIDEOS\\MAPA\\video_0688\\video_0688_mapa_19.jpg"", ""F:\\Cursos\\Ciencia de Datos\\Modulo 5\\CODIGOS\\Proyecto Fotnite\\VIDEOS\\MAPA\\video_0688\\video_0688_mapa_20.jpg""]",2
40451,f26d121f97be97268b41737e06029a1eaea58454d80b449e8a3c8233a76496df,"[""F:\\Cursos\\Ciencia de Datos\\Modulo 5\\CODIGOS\\Proyecto Fotnite\\VIDEOS\\INVENTARIO\\video_0233\\video_0233_inventario_08.jpg"", ""F:\\Cursos\\Ciencia de Datos\\Modulo 5\\CODIGOS\\Proyecto Fotnite\\VIDEOS\\INVENTARIO\\video_0234\\video_0234_inventario_03.jpg""]",2
46699,ea248dee509a2d731b88b4f3f1732d0545b5605d7703b8442e5016cb54198064,"[""F:\\Cursos\\Ciencia de Datos\\Modulo 5\\CODIGOS\\Proyecto Fotnite\\VIDEOS\\MAPA\\video_0743\\video_0743_mapa_19.jpg"", ""F:\\Cursos\\Ciencia de Datos\\Modulo 5\\CODIGOS\\Proyecto Fotnite\\VIDEOS\\MAPA\\video_0744\\video_0744_mapa_03.jpg""]",2
46821,f60258a2772699629f87d18016ccf4966fced9533ca1fb66fa4f06e70e25040e,"[""F:\\Cursos\\Ciencia de Datos\\Modulo 5\\CODIGOS\\Proyecto Fotnite\\VIDEOS\\INVENTARIO\\video_0001\\video_0001_inventario_15.jpg"", ""F:\\Cursos\\Ciencia de Datos\\Modulo 5\\CODIGOS\\Proyecto Fotnite\\VIDEOS\\INVENTARIO\\video_0342\\video_0342_inventario_06.jpg""]",2
49504,4f618302498fce8153eaddcd9440f5cef30e6c727e585abba94305336f021310,"[""F:\\Cursos\\Ciencia de Datos\\Modulo 5\\CODIGOS\\Proyecto Fotnite\\VIDEOS\\INVENTARIO\\video_0143\\video_0143_inventario_20.jpg"", ""F:\\Cursos\\Ciencia de Datos\\Modulo 5\\CODIGOS\\Proyecto Fotnite\\VIDEOS\\INVENTARIO\\video_0144\\video_0144_inventario_11.jpg""]",2
46326,a0268f549ff11c506dc928d325a5b54474eb53f6d81aa5ba040e3bd2a2b12b07,"[""F:\\Cursos\\Ciencia de Datos\\Modulo 5\\CODIGOS\\Proyecto Fotnite\\VIDEOS\\INVENTARIO\\video_0743\\video_0743_inventario_19.jpg"", ""F:\\Cursos\\Ciencia de Datos\\Modulo 5\\CODIGOS\\Proyecto Fotnite\\VIDEOS\\INVENTARIO\\video_0744\\video_0744_inventario_03.jpg""]",2
30893,388aace5cfb56ce0ea5b7d5b543f618a7e398441f1e1302cbf1cc2b9a8cfb86b,"[""F:\\Cursos\\Ciencia de Datos\\Modulo 5\\CODIGOS\\Proyecto Fotnite\\VIDEOS\\INVENTARIO\\video_0233\\video_0233_inventario_18.jpg"", ""F:\\Cursos\\Ciencia de Datos\\Modulo 5\\CODIGOS\\Proyecto Fotnite\\VIDEOS\\INVENTARIO\\video_0234\\video_0234_inventario_13.jpg""]",2
59950,2bd0db1516e192b346d8e83af8b4f10d3d80aa1ba5d83526b45acad35bf85734,"[""F:\\Cursos\\Ciencia de Datos\\Modulo 5\\CODIGOS\\Proyecto Fotnite\\VIDEOS\\INVENTARIO\\video_0241\\video_0241_inventario_12.jpg"", ""F:\\Cursos\\Ciencia de Datos\\Modulo 5\\CODIGOS\\Proyecto Fotnite\\VIDEOS\\INVENTARIO\\video_0242\\video_0242_inventario_02.jpg""]",2
29025,86e074b0684d04f3c379622c783620b5289d566cc6f1b9d4113daf92f34d162e,"[""F:\\Cursos\\Ciencia de Datos\\Modulo 5\\CODIGOS\\Proyecto Fotnite\\VIDEOS\\INVENTARIO\\video_0403\\video_0403_inventario_18.jpg"", ""F:\\Cursos\\Ciencia de Datos\\Modulo 5\\CODIGOS\\Proyecto Fotnite\\VIDEOS\\INVENTARIO\\video_0404\\video_0404_inventario_09.jpg""]",2
33646,8fcf2956779c82063ccb0bf7ade27b127e12df59725486e924f8e860860f2d4f,"[""F:\\Cursos\\Ciencia de Datos\\Modulo 5\\CODIGOS\\Proyecto Fotnite\\VIDEOS\\VIDA\\video_0086\\video_0086_vida_19.jpg"", ""F:\\Cursos\\Ciencia de Datos\\Modulo 5\\CODIGOS\\Proyecto Fotnite\\VIDEOS\\VIDA\\video_0087\\video_0087_vida_12.jpg""]",2
27220,55a6af087fdd58c19dd4dc29040c1a661d96b828ca3a34df149d60f34f7ba922,"[""F:\\Cursos\\Ciencia de Datos\\Modulo 5\\CODIGOS\\Proyecto Fotnite\\VIDEOS\\INVENTARIO\\video_0430\\video_0430_inventario_20.jpg"", ""F:\\Cursos\\Ciencia de Datos\\Modulo 5\\CODIGOS\\Proyecto Fotnite\\VIDEOS\\INVENTARIO\\video_0431\\video_0431_inventario_12.jpg""]",2
22383,bc214553be8dcba989cebbf2cf6da6f2ae8a3a619ee3e5ba76e60408cbcacd0a,"[""F:\\Cursos\\Ciencia de Datos\\Modulo 5\\CODIGOS\\Proyecto Fotnite\\VIDEOS\\INVENTARIO\\video_0497\\video_0497_inventario_20.jpg"", ""F:\\Cursos\\Ciencia de Datos\\Modulo 5\\CODIGOS\\Proyecto Fotnite\\VIDEOS\\INVENTARIO\\video_0498\\video_0498_inventario_05.jpg""]",2
33115,95dcbbfeb2254630bdb2def54fd4dc27698b06f586dda344cd0e9ab7e4ea52dc,"[""F:\\Cursos\\Ciencia de Datos\\Modulo 5\\CODIGOS\\Proyecto Fotnite\\VIDEOS\\INVENTARIO\\video_0533\\video_0533_inventario_09.jpg"", ""F:\\Cursos\\Ciencia de Datos\\Modulo 5\\CODIGOS\\Proyecto Fotnite\\VIDEOS\\INVENTARIO\\video_0534\\video_0534_inventario_02.jpg""]",2
31297,17d66e0b67ef1d6eacbab8a2336c51f8ce7f3b46b2b7b47be934b736d78c13cf,"[""F:\\Cursos\\Ciencia de Datos\\Modulo 5\\CODIGOS\\Proyecto Fotnite\\VIDEOS\\INVENTARIO\\video_0550\\video_0550_inventario_12.jpg"", ""F:\\Cursos\\Ciencia de Datos\\Modulo 5\\CODIGOS\\Proyecto Fotnite\\VIDEOS\\INVENTARIO\\video_0551\\video_0551_inventario_06.jpg""]",2
29151,2e344253c44da45a22bb01f1dd376fe97298ae1b23a69fd047c138f120a07f72,"[""F:\\Cursos\\Ciencia de Datos\\Modulo 5\\CODIGOS\\Proyecto Fotnite\\VIDEOS\\INVENTARIO\\video_0600\\video_0600_inventario_19.jpg"", ""F:\\Cursos\\Ciencia de Datos\\Modulo 5\\CODIGOS\\Proyecto Fotnite\\VIDEOS\\INVENTARIO\\video_0601\\video_0601_inventario_09.jpg""]",2
32672,8c3c8c9e3fa721f454b7f262368bbd389a2ce515e63f8725ac08baaafd7515a6,"[""F:\\Cursos\\Ciencia de Datos\\Modulo 5\\CODIGOS\\Proyecto Fotnite\\VIDEOS\\VIDA\\video_0550\\video_0550_vida_12.jpg"", ""F:\\Cursos\\Ciencia de Datos\\Modulo 5\\CODIGOS\\Proyecto Fotnite\\VIDEOS\\VIDA\\video_0551\\video_0551_vida_06.jpg""]",2
29776,d8c59d0a2ddcfd5468eb04f4aa9e312ea6feecbf5fa8294998d7cf359a5b6bc2,"[""F:\\Cursos\\Ciencia de Datos\\Modulo 5\\CODIGOS\\Proyecto Fotnite\\VIDEOS\\INVENTARIO\\video_0652\\video_0652_inventario_18.jpg"", ""F:\\Cursos\\Ciencia de Datos\\Modulo 5\\CODIGOS\\Proyecto Fotnite\\VIDEOS\\INVENTARIO\\video_0653\\video_0653_inventario_12.jpg""]",2
29970,4e362a4e74e8118a90940b116bad49814e1dac884b683283b81c4c1b25035e09,"[""F:\\Cursos\\Ciencia de Datos\\Modulo 5\\CODIGOS\\Proyecto Fotnite\\VIDEOS\\INVENTARIO\\video_0725\\video_0725_inventario_16.jpg"", ""F:\\Cursos\\Ciencia de Datos\\Modulo 5\\CODIGOS\\Proyecto Fotnite\\VIDEOS\\INVENTARIO\\video_0726\\video_0726_inventario_05.jpg""]",2
38272,1254326bea6ffd968b7795b966893595ef21935806c69062e6a04ca40cc0813c,"[""F:\\Cursos\\Ciencia de Datos\\Modulo 5\\CODIGOS\\Proyecto Fotnite\\VIDEOS\\VIDA\\video_0143\\video_0143_vida_20.jpg"", ""F:\\Cursos\\Ciencia de Datos\\Modulo 5\\CODIGOS\\Proyecto Fotnite\\VIDEOS\\VIDA\\video_0144\\video_0144_vida_11.jpg""]",2
26470,388f660f01da5ea1f717f1b4decdb1c8dc28b7fcc77dbfd6982db0a4e24ee358,"[""F:\\Cursos\\Ciencia de Datos\\Modulo 5\\CODIGOS\\Proyecto Fotnite\\VIDEOS\\VIDA\\video_0009\\video_0009_vida_15.jpg"", ""F:\\Cursos\\Ciencia de Datos\\Modulo 5\\CODIGOS\\Proyecto Fotnite\\VIDEOS\\VIDA\\video_0010\\video_0010_vida_10.jpg""]",2
24962,f8b838348d4877b3c3c71ff975b46f9408ae7c644c485f36935503bd3919482c,"[""F:\\Cursos\\Ciencia de Datos\\Modulo 5\\CODIGOS\\Proyecto Fotnite\\VIDEOS\\VIDA\\video_0052\\video_0052_vida_11.jpg"", ""F:\\Cursos\\Ciencia de Datos\\Modulo 5\\CODIGOS\\Proyecto Fotnite\\VIDEOS\\VIDA\\video_0053\\video_0053_vida_03.jpg""]",2
25565,c39cb87f47cc0462617e72ce8198652926bdf3b5f0cbb95ef178eb07a486ddfa,"[""F:\\Cursos\\Ciencia de Datos\\Modulo 5\\CODIGOS\\Proyecto Fotnite\\VIDEOS\\VIDA\\video_0139\\video_0139_vida_14.jpg"", ""F:\\Cursos\\Ciencia de Datos\\Modulo 5\\CODIGOS\\Proyecto Fotnite\\VIDEOS\\VIDA\\video_0140\\video_0140_vida_01.jpg""]",2
24037,c4a52e59ac9e14b0218a8deba3cf5af003093a71ca3a66d930a25cb20e1a506a,"[""F:\\Cursos\\Ciencia de Datos\\Modulo 5\\CODIGOS\\Proyecto Fotnite\\VIDEOS\\VIDA\\video_0233\\video_0233_vida_08.jpg"", ""F:\\Cursos\\Ciencia de Datos\\Modulo 5\\CODIGOS\\Proyecto Fotnite\\VIDEOS\\VIDA\\video_0234\\video_0234_vida_03.jpg""]",2
29959,5a1b0773f4b4cd1f7ce89e3df80116eb1840f2a15f3b80dcae9940a70629c7e9,"[""F:\\Cursos\\Ciencia de Datos\\Modulo 5\\CODIGOS\\Proyecto Fotnite\\VIDEOS\\VIDA\\video_0233\\video_0233_vida_18.jpg"", ""F:\\Cursos\\Ciencia de Datos\\Modulo 5\\CODIGOS\\Proyecto Fotnite\\VIDEOS\\VIDA\\video_0234\\video_0234_vida_13.jpg""]",2
21639,152fa84389769c180b968911801a2b9efbaced4a656c1886c64c52b6b0a90557,"[""F:\\Cursos\\Ciencia de Datos\\Modulo 5\\CODIGOS\\Proyecto Fotnite\\VIDEOS\\VIDA\\video_0403\\video_0403_vida_18.jpg"", ""F:\\Cursos\\Ciencia de Datos\\Modulo 5\\CODIGOS\\Proyecto Fotnite\\VIDEOS\\VIDA\\video_0404\\video_0404_vida_09.jpg""]",2
44221,bbdaa5352cee53906e53a3dae973040ba913dca5414fdec1721026c7830b7f2d,"[""F:\\Cursos\\Ciencia de Datos\\Modulo 5\\CODIGOS\\Proyecto Fotnite\\VIDEOS\\VIDA\\video_0652\\video_0652_vida_18.jpg"", ""F:\\Cursos\\Ciencia de Datos\\Modulo 5\\CODIGOS\\Proyecto Fotnite\\VIDEOS\\VIDA\\video_0653\\video_0653_vida_12.jpg""]",2
29122,7511df0fe50cbc79534a44a62e9b090a6d36c927e1403fbe453004fbf71039bf,"[""F:\\Cursos\\Ciencia de Datos\\Modulo 5\\CODIGOS\\Proyecto Fotnite\\VIDEOS\\VIDA\\video_0430\\video_0430_vida_20.jpg"", ""F:\\Cursos\\Ciencia de Datos\\Modulo 5\\CODIGOS\\Proyecto Fotnite\\VIDEOS\\VIDA\\video_0431\\video_0431_vida_12.jpg""]",2
26727,337251dd5037fca3c3d9c7a18a2f703760b8899a0fdaf75f8b7db7c47cd8e45d,"[""F:\\Cursos\\Ciencia de Datos\\Modulo 5\\CODIGOS\\Proyecto Fotnite\\VIDEOS\\VIDA\\video_0600\\video_0600_vida_19.jpg"", ""F:\\Cursos\\Ciencia de Datos\\Modulo 5\\CODIGOS\\Proyecto Fotnite\\VIDEOS\\VIDA\\video_0601\\video_0601_vida_09.jpg""]",2
19348,36fdbdf45f508a2e2f0f8bfcecc157dbc9d4c12fe815a739108b22a38e63312f,"[""F:\\Cursos\\Ciencia de Datos\\Modulo 5\\CODIGOS\\Proyecto Fotnite\\VIDEOS\\VIDA\\video_0451\\video_0451_vida_20.jpg"", ""F:\\Cursos\\Ciencia de Datos\\Modulo 5\\CODIGOS\\Proyecto Fotnite\\VIDEOS\\VIDA\\video_0518\\video_0518_vida_20.jpg""]",2
5622,3b0d5db867a6c104ad7aea01f27e776bf735c1a5480a532eb55fd64f6a51ffe9,"[""F:\\Cursos\\Ciencia de Datos\\Modulo 5\\CODIGOS\\Proyecto Fotnite\\VIDEOS\\VIDA\\video_0478\\video_0478_vida_20.jpg"", ""F:\\Cursos\\Ciencia de Datos\\Modulo 5\\CODIGOS\\Proyecto Fotnite\\VIDEOS\\VIDA\\video_0736\\video_0736_vida_20.jpg""]",2
19279,db2eee8639f2133340a149392f0ba4f94c28e745c37eb02b3964a594762900e6,"[""F:\\Cursos\\Ciencia de Datos\\Modulo 5\\CODIGOS\\Proyecto Fotnite\\VIDEOS\\VIDA\\video_0497\\video_0497_vida_20.jpg"", ""F:\\Cursos\\Ciencia de Datos\\Modulo 5\\CODIGOS\\Proyecto Fotnite\\VIDEOS\\VIDA\\video_0498\\video_0498_vida_05.jpg""]",2
16836,7c97ff325ae9dcbe76615030ebf49c977243d51ebf76d06519e314af1ce9edeb,"[""F:\\Cursos\\Ciencia de Datos\\Modulo 5\\CODIGOS\\Proyecto Fotnite\\VIDEOS\\VIDA\\video_0533\\video_0533_vida_09.jpg"", ""F:\\Cursos\\Ciencia de Datos\\Modulo 5\\CODIGOS\\Proyecto Fotnite\\VIDEOS\\VIDA\\video_0534\\video_0534_vida_02.jpg""]",2
25331,5e4bf119542ee6581a38ad8e57d17a09ebe84099c476c268902f27c9a92aebdd,"[""F:\\Cursos\\Ciencia de Datos\\Modulo 5\\CODIGOS\\Proyecto Fotnite\\VIDEOS\\VIDA\\video_0638\\video_0638_vida_19.jpg"", ""F:\\Cursos\\Ciencia de Datos\\Modulo 5\\CODIGOS\\Proyecto Fotnite\\VIDEOS\\VIDA\\video_0639\\video_0639_vida_02.jpg""]",2
19155,09cac7dd9ff6ac1e076cf45248148289a910322212c1b04882cab4a40c00f2b3,"[""F:\\Cursos\\Ciencia de Datos\\Modulo 5\\CODIGOS\\Proyecto Fotnite\\VIDEOS\\VIDA\\video_0725\\video_0725_vida_16.jpg"", ""F:\\Cursos\\Ciencia de Datos\\Modulo 5\\CODIGOS\\Proyecto Fotnite\\VIDEOS\\VIDA\\video_0726\\video_0726_vida_05.jpg""]",2
45178,30ef1ef6e0bbcc3ad3694dc345e7c49a0a1b9e6adfc712de0ec456c591adbab4,"[""F:\\Cursos\\Ciencia de Datos\\Modulo 5\\CODIGOS\\Proyecto Fotnite\\VIDEOS\\VIDA\\video_0743\\video_0743_vida_19.jpg"", ""F:\\Cursos\\Ciencia de Datos\\Modulo 5\\CODIGOS\\Proyecto Fotnite\\VIDEOS\\VIDA\\video_0744\\video_0744_vida_03.jpg""]",2
